Date,RP,Market
2016-03-29,100.0,100.0
2016-03-30,100.26972398547294,102.20589281263723
2016-03-31,100.28155944594329,102.35542995123981
2016-04-01,100.32391190947934,102.41842098694059
2016-04-05,100.48047289867614,103.57043869591426
2016-04-06,100.46462570998924,103.70147723826315
2016-04-07,100.35866082856938,102.68050860289557
2016-04-08,100.30174055290072,102.42688056649858
2016-04-11,100.48068545852419,103.86645840162838
2016-04-12,100.40902060275332,103.70690778093503
2016-04-13,100.5154412726307,105.05249240353565
2016-04-14,100.45756592991701,105.45033475281886
2016-04-15,100.41905232883082,105.25978597392267
2016-04-18,100.40779892727656,104.27473159283589
2016-04-19,100.45400440429452,104.66991615939571
2016-04-20,100.16973603420321,102.26188874447033
2016-04-21,100.14337030059099,102.30522470090068
2016-04-22,99.90055769009717,102.08905021026906
2016-04-25,99.6167806487847,101.59742510387129
2016-04-26,99.69567745413701,102.19211513794801
2016-04-27,99.76736292288207,102.14650825290785
2016-04-28,99.7440661525711,101.83494796394041
2016-04-29,99.74549820852641,101.89595863388014
2016-05-03,100.09947000038377,103.73816288519903
2016-05-04,100.07038673695365,103.4780322339087
2016-05-05,100.12284914052923,103.67558437707262
2016-05-06,99.80744195985231,101.04550732228348
2016-05-09,99.6946273528566,98.73371318210845
2016-05-10,99.79068399983254,98.73437107334935
2016-05-11,99.9373777122925,99.04537117218213
2016-05-12,99.96990557980853,98.86635146157847
2016-05-13,99.90024870206987,98.54603011896462
2016-05-16,100.03581865894537,99.57732904394477
2016-05-17,100.08330867015236,99.5115399314657
2016-05-18,99.8759633007316,98.04596951113157
2016-05-19,99.85657065289813,98.04837293397316
2016-05-20,99.90491928170283,98.4558155590752
2016-05-23,99.93278479577825,98.96203811659598
2016-05-24,99.8452859261821,98.3187053544343
2016-05-25,99.90166304470338,98.18458545679182
2016-05-26,100.02688886221253,98.5771925674916
2016-05-27,100.02108787940622,98.48564393993064
2016-05-30,100.10849579570464,98.3624635616887
2016-05-31,100.33547453543335,100.69987912700891
2016-06-01,100.34802227404039,100.83159685333362
2016-06-02,100.41054993741221,101.25082280150646
2016-06-03,100.50370618276503,101.66132230633731
2016-06-06,100.62012140922809,101.98920156650611
2016-06-07,100.67911424906812,102.05638214575437
2016-06-08,100.66570771565469,101.87330839899798
2016-06-13,100.52898744955738,99.66912484088978
2016-06-14,100.56144243366944,99.69709458615826
2016-06-15,100.72200001524678,101.24292242771527
2016-06-16,100.71750870210465,101.22726808405416
2016-06-17,100.79131087200388,101.5045870038241
2016-06-20,100.8894804958362,101.63248457985826
2016-06-21,100.83875830711197,101.1351009028201
2016-06-22,100.94644025929543,101.9362470661196
2016-06-23,100.97975156862482,101.74771284200352
2016-06-24,100.91386448140716,101.30150868394583
2016-06-27,101.23892230538627,102.62963827661295
2016-06-28,101.40355762882419,103.17919737087303
2016-06-29,101.42959014318534,103.49120426587974
2016-06-30,101.56360709655917,103.6701937301517
2016-07-01,101.6617534674152,103.85555038366479
2016-07-04,101.96805826549738,105.53230562221833
2016-07-05,101.9118150977896,105.63776891737963
2016-07-06,101.95330327317093,106.36932405484329
2016-07-07,102.03651953742596,106.81131203394956
2016-07-08,101.96504757516418,106.18540110335759
2016-07-11,102.1674094387919,107.06692534806544
2016-07-12,102.2710340997574,107.7499002303923
2016-07-13,102.40184178966129,108.46528978764631
2016-07-14,102.41393655910409,108.22949352016688
2016-07-15,102.40693170147384,108.15340788044891
2016-07-18,102.38783085454124,107.81253225891918
2016-07-19,102.43237432439578,107.74692047944063
2016-07-20,102.45463722575208,107.36904054183591
2016-07-21,102.58726257814676,107.58147387166616
2016-07-22,102.42892871566029,106.66956528429337
2016-07-25,102.41809390747996,106.59002225066179
2016-07-26,102.58512187799124,107.86061215173123
2016-07-27,102.43769145947606,106.00127419373426
2016-07-28,102.45054813179861,106.05898871177834
2016-07-29,102.37780032036392,105.33823736573493
2016-08-01,102.41512318910422,104.85408555568678
2016-08-02,102.47402700143424,105.27415117757563
2016-08-03,102.50435175336065,105.44237356878531
2016-08-04,102.57470233621075,105.62576962151525
2016-08-05,102.64346367326141,105.56202671614034
2016-08-08,102.78312638373734,106.0886344747217
2016-08-09,102.91558342974965,106.67474205121965
2016-08-10,103.02952026258052,106.83303482093879
2016-08-11,102.92430668029782,105.92079529532748
2016-08-12,103.1046085584493,106.84875086504732
2016-08-15,103.4146223548824,108.57060432350818
2016-08-16,103.44600554424079,108.91981266652355
2016-08-17,103.44938275212871,108.922149386736
2016-08-18,103.42199512206014,108.92834832206593
2016-08-19,103.39175278193962,108.90542702751749
2016-08-22,103.31853722501903,108.08645765117848
2016-08-23,103.32201102341978,108.35662081936715
2016-08-24,103.24927209805779,108.15992252704069
2016-08-25,103.14473831799094,107.46658442232379
2016-08-26,103.15920523743614,107.66449969834272
2016-08-29,103.18106794153465,107.63579805043588
2016-08-30,103.12871197878337,107.68460244631693
2016-08-31,103.1091648146114,107.72817729359315
2016-09-01,103.065303714943,107.24487747725284
2016-09-02,103.08904583120623,107.23982005299888
2016-09-05,103.18591909143211,107.70442987008818
2016-09-06,103.2883697046049,108.48443911204062
2016-09-07,103.29750420281269,108.54856259119283
2016-09-08,103.35721623033432,108.71821133358223
2016-09-09,103.34904990796872,108.1824491043849
2016-09-12,103.10194297918261,106.02929218537369
2016-09-13,103.1446646538684,106.23696889552075
2016-09-14,103.11731457460967,105.87101694745667
2016-09-19,103.3582596011256,106.72980844622306
2016-09-20,103.39804077320353,106.73810935487002
2016-09-21,103.4118726281477,106.95795711273067
2016-09-22,103.47784990328381,107.37204072648359
2016-09-23,103.49080409343057,107.20166933549042
2016-09-26,103.38379794422987,105.62201970107242
2016-09-27,103.41959084460291,106.0941972800884
2016-09-28,103.37978412307606,105.84901148182355
2016-09-29,103.42320088193291,106.18807821518202
2016-09-30,103.46195390614996,106.43191649740598
2016-10-10,103.82508959453361,107.8788606935669
2016-10-11,103.9045372310337,108.57766840125853
2016-10-12,103.85393188718668,108.33530847997375
2016-10-13,103.8413283841685,108.23408328998272
2016-10-14,103.96380417670537,108.68950527622619
2016-10-17,103.99972987379648,108.38656589007158
2016-10-18,104.17988864540742,109.59129813057477
2016-10-19,104.19716277252307,109.70354933353657
2016-10-20,104.28287060646606,109.78212746713878
2016-10-21,104.28472447430266,109.66768888330529
2016-10-24,104.46101397581317,110.63491977199679
2016-10-25,104.46099449318524,110.87843856763881
2016-10-26,104.40811356143627,110.71815093398808
2016-10-27,104.34006470491404,110.39691209271652
2016-10-28,104.28688459233196,109.85612373091888
2016-10-31,104.26136259820763,109.8906796212606
2016-11-01,104.30100051803679,110.57734032986797
2016-11-02,104.21088334868116,110.22160522854799
2016-11-03,104.2970572593845,110.68229672906178
2016-11-04,104.28152809423324,110.50379723661223
2016-11-07,104.37726671577374,110.75117694646839
2016-11-08,104.42735758622335,111.00777111612277
2016-11-09,104.38985594624906,110.96239513441795
2016-11-10,104.53189159276522,111.79718492517401
2016-11-11,104.54950031334387,112.26329316894204
2016-11-14,104.37828109677167,112.25517307869461
2016-11-15,104.30094728335911,112.30118357737173
2016-11-16,104.33153441452588,112.53951251024361
2016-11-17,104.26286413160672,112.72080861823707
2016-11-18,104.16283055302209,112.2192113748723
2016-11-21,104.27955180200547,112.70826178444895
2016-11-22,104.41772163316392,113.48918692759953
2016-11-23,104.3836072838557,113.09587846890545
2016-11-24,104.38787355905794,112.9971481950455
2016-11-25,104.37860489461326,113.2876724087795
2016-11-28,104.52978275305045,114.01973002772141
2016-11-29,104.3722346857156,113.8735859682152
2016-11-30,104.10590161576543,113.52334669002184
2016-12-01,103.93707642523975,114.42438235440314
2016-12-02,103.71673147515439,113.27800879511226
2016-12-05,103.59353581045016,112.37231209699625
2016-12-06,103.2955467893168,112.18728349644971
2016-12-07,103.38905855151313,112.7690260867789
2016-12-08,103.43143100072025,112.85534194501659
2016-12-09,103.39525751501981,112.81679230877748
2016-12-12,103.00120070648464,110.24700646013959
2016-12-13,102.85356579576828,110.7713029531709
2016-12-14,102.55101002632887,110.3264524568776
2016-12-15,101.92809595696761,109.77090211493147
2016-12-16,101.93251073986531,110.08273988288715
2016-12-19,101.73890484520352,110.02109983369066
2016-12-20,101.38373102823803,109.4916349141221
2016-12-21,101.66210089546406,110.43359900546068
2016-12-22,101.87622027572765,110.5047266152162
2016-12-23,101.99359620027025,109.84941070530687
2016-12-26,102.03258751808843,109.88467026148669
2016-12-27,102.13876694750216,109.87282203571651
2016-12-28,102.17983969603574,109.83800249192879
2016-12-29,102.31595028576135,109.8038524473891
2016-12-30,102.4396980118808,109.97497930221209
2017-01-03,102.58975840266935,110.68150682631097
2017-01-04,102.70491213397936,111.35516046934623
2017-01-05,102.74695351591238,111.88448411109586
2017-01-06,102.71109193202632,111.4882836156806
2017-01-09,102.82344055728856,111.80547067785456
2017-01-10,102.8979453159812,111.73803446446567
2017-01-11,102.8733292082422,110.80588099713961
2017-01-12,102.81555363588484,110.18443386135992
2017-01-13,102.80990759418522,109.60707874793312
2017-01-16,102.71627411590111,108.57304255840457
2017-01-17,102.66042461936308,109.02442222278516
2017-01-18,102.61815149416876,109.22196760219671
2017-01-19,102.53910446555865,108.6361003387609
2017-01-20,102.63513173338865,109.26543642862458
2017-01-23,102.76746379902131,109.88394813413036
2017-01-24,102.75725043021905,109.88508607840282
2017-01-25,102.63065214571867,110.17826173262
2017-01-26,102.68871825929513,110.51585457067804
2017-02-03,102.49609624615769,110.14367278348034
2017-02-06,102.41630210820603,110.65228265070317
2017-02-07,102.21367009390714,110.62241326103681
2017-02-08,102.27811612960953,111.1849987143021
2017-02-09,102.40807598028512,111.55498240864293
2017-02-10,102.48153571472764,111.71406552124577
2017-02-13,102.58101125663393,112.27932565503791
2017-02-14,102.5650565466657,112.25037916386458
2017-02-15,102.49928990781207,111.6546664433358
2017-02-16,102.59175626276664,112.14730122947314
2017-02-17,102.50809315930091,111.30829002300243
2017-02-20,102.69587801132305,112.15953402969438
2017-02-21,102.7297487685545,112.59069714423701
2017-02-22,102.75477488644415,112.91906552566992
2017-02-23,102.74716391684962,112.69144396202041
2017-02-24,102.82552723570187,113.05077803507304
2017-02-27,102.80339256648668,112.44665644697827
2017-02-28,102.78451866041524,112.49404993784486
2017-03-01,102.80195532111816,112.82383441002868
2017-03-02,102.74526634348318,112.38395096726876
2017-03-03,102.7014520663661,112.07063491805815
2017-03-06,102.7888539985494,112.74776253437508
2017-03-07,102.74280886508207,112.81949540300853
2017-03-08,102.65790666329175,112.88951533302476
2017-03-09,102.5224736267134,112.24283787829705
2017-03-10,102.41439899976153,112.13407498613195
2017-03-13,102.50049544181317,112.67497423609552
2017-03-14,102.45790091748842,112.45926759605001
2017-03-15,102.54816401556153,112.70803346740624
2017-03-16,102.73111213101683,113.49288108321662
2017-03-17,102.66104363021775,112.97820972986045
2017-03-20,102.75594237999324,113.47501833460569
2017-03-21,102.70482643809842,113.63585388553767
2017-03-22,102.7089049048074,113.36893057644613
2017-03-23,102.70916387439124,113.43076654070703
2017-03-24,102.81604941798017,113.5634696849418
2017-03-27,102.80944210527699,113.19309938169238
2017-03-28,102.84519639813081,112.9508678410029
2017-03-29,102.82659397075005,112.73260903676939
2017-03-30,102.66440239766663,111.62819656842609
2017-03-31,102.69705908497919,111.90666553785873
2017-04-05,102.92105335668799,113.19318506341962
2017-04-06,102.91694645800847,113.39645256779951
2017-04-07,102.96676672727287,113.7437627989247
2017-04-10,102.99152724848204,113.32339911173067
2017-04-11,103.01646744269881,113.70465714067916
2017-04-12,103.01740777921786,113.49146551723435
2017-04-13,103.0889106758367,113.84596610847582
2017-04-14,102.97321110495956,113.28040917679336
2017-04-17,102.78966062481936,112.50467284360128
2017-04-18,102.64178143847948,111.92734886941605
2017-04-19,102.55460789444814,111.31755819559092
2017-04-20,102.50045214002657,111.3107484762752
2017-04-21,102.4082511192093,111.1938222622666
2017-04-24,102.16106193872947,109.70191507240882
2017-04-25,102.15939543223624,109.9232403551333
2017-04-26,102.20604995603408,110.0667242759106
2017-04-27,102.2816974142964,110.3398354535695
2017-04-28,102.27808439639476,110.44205972735269
2017-05-02,102.34561167149154,110.40176616601134
2017-05-03,102.2336842942939,110.1233407552574
2017-05-04,102.1373314421828,109.85088511351665
2017-05-05,102.0004584538231,109.00678134642594
2017-05-08,101.83555475334838,108.12014517191895
2017-05-09,101.7706231590102,108.33857256710155
2017-05-10,101.53688255229767,107.3700689002614
2017-05-11,101.53036878280575,107.19874472190934
2017-05-12,101.49371166200977,107.3863158146749
2017-05-15,101.58587888569804,107.76437878615506
2017-05-16,101.67430205841683,108.78375646926874
2017-05-17,101.71272037385768,108.84161671499852
2017-05-18,101.64852803213573,108.44207916751427
2017-05-19,101.6358238819973,108.43635791438805
2017-05-22,101.59580710869322,107.95486095816345
2017-05-23,101.48370716893696,107.06530221506598
2017-05-24,101.49668549454076,107.11615310491204
2017-05-25,101.60297651969424,107.85398993683741
2017-05-26,101.57039270849772,107.85840004181541
2017-05-31,101.54658174528556,107.6740355336246
2017-06-01,101.50766893486633,106.89189311580077
2017-06-02,101.57599764538348,107.22107153144506
2017-06-05,101.6676233195913,107.50531481213963
2017-06-06,101.73175537124526,107.85249778313326
2017-06-07,101.85134669665416,108.88430880657182
2017-06-08,101.91633632333712,109.07898006893497
2017-06-09,101.98750512839476,109.24276737504586
2017-06-12,102.06549567047836,108.78419229832129
2017-06-13,102.20191347904787,109.3883372241336
2017-06-14,102.25796521532908,109.13782234886109
2017-06-15,102.33310005538037,109.31040781777004
2017-06-16,102.38110640552492,109.2113703101247
2017-06-19,102.64272768457717,109.76819218833487
2017-06-20,102.74107393449223,109.72281797134839
2017-06-21,102.82559720168183,110.05124613270137
2017-06-22,102.70566752321216,109.47795290360136
2017-06-23,102.75547216803511,109.68397708713333
2017-06-26,102.97432975317176,110.54467778402457
2017-06-27,103.10207217989966,110.73935330691909
2017-06-28,103.09953100209003,110.30930527841778
2017-06-29,103.21420450336598,110.7548481815386
2017-06-30,103.22248373872158,110.83985649938994
2017-07-03,103.36111521738825,111.20000612117298
2017-07-04,103.26187521845493,110.75443239911822
2017-07-05,103.35234120408244,111.27068848571173
2017-07-06,103.43884501884997,111.47031829697274
2017-07-07,103.47199440854193,111.66476837286312
2017-07-10,103.57940387485642,111.71997228175354
2017-07-11,103.57607402598619,111.33696014140104
2017-07-12,103.59397064865415,111.24946259287094
2017-07-13,103.66473462426404,111.75782173353245
2017-07-14,103.65793941792015,111.59344042616803
2017-07-17,103.55668674299012,109.82790468623391
2017-07-18,103.58917914342915,110.4020839883456
2017-07-19,103.76242670897264,111.70361102602881
2017-07-20,103.83201470898724,112.01509379290755
2017-07-21,103.84451554955578,112.02784695403383
2017-07-24,103.84950601620184,112.18038167876239
2017-07-25,103.87571428799454,111.92789571903734
2017-07-26,103.80911087089075,111.87090401230486
2017-07-27,103.87800435625239,112.19914622216656
2017-07-28,103.86708050979838,112.32852445499135
2017-07-31,104.01827088256495,113.25354834048602
2017-08-01,104.0221977149285,113.44450344023068
2017-08-02,103.97311991926559,113.09390019353809
2017-08-03,103.91728616749074,113.0214136729433
2017-08-04,103.96193247564302,113.03717867018275
2017-08-07,104.01483080548033,113.58642903981577
2017-08-08,104.07092319358343,113.91438497141446
2017-08-09,104.15594298958702,114.5528326209559
2017-08-10,104.12898118463607,114.16933087390512
2017-08-11,103.92045109260447,112.47854123953196
2017-08-14,104.08052422157617,113.43743222381957
2017-08-15,104.09061293678113,113.40834894058236
2017-08-16,104.06320161388652,113.34108335042697
2017-08-17,104.13879425443675,114.02551320626534
2017-08-18,104.128253252229,113.83843390961958
2017-08-21,104.24240662764552,114.82716025775682
2017-08-22,104.30206759977307,115.25480108382786
2017-08-23,104.22830984565978,114.71149050779186
2017-08-24,104.12892468102419,113.96701031320843
2017-08-25,104.2328037538604,114.94183495808493
2017-08-28,104.31924752821465,115.70993834685117
2017-08-29,104.25012020151212,115.55736886054275
2017-08-30,104.21795204849154,115.66308827188179
2017-08-31,104.19290781364454,115.55290223794267
2017-09-01,104.3221679556889,116.29098555017102
2017-09-04,104.40522149145058,116.77823236692532
2017-09-05,104.38687947949134,116.59249892412609
2017-09-06,104.41506032579495,116.78846785206414
2017-09-07,104.40015279354972,116.19219467695301
2017-09-08,104.45116618878704,116.41495446753618
2017-09-11,104.54575921120102,116.62753574710096
2017-09-12,104.57236629117936,116.6513585869766
2017-09-13,104.57829225330475,116.76552025004034
2017-09-14,104.62679919280052,116.5903927311341
2017-09-15,104.61025818896542,116.05784097545546
2017-09-18,104.67385083024621,116.41444775580696
2017-09-19,104.63626974497924,116.10946185343971
2017-09-20,104.7120906224168,116.58987203721432
2017-09-21,104.66100611130626,116.06197087137386
2017-09-22,104.67756297475412,115.81858542360976
2017-09-25,104.6419226401146,115.16692338894366
2017-09-26,104.68095430681667,115.48702588804804
2017-09-27,104.69282680276008,115.78435161539187
2017-09-28,104.62274515061685,115.46036838999616
2017-09-29,104.67841153375036,115.83854923434329
2017-10-09,104.9206703473074,116.81332104600371
2017-10-10,104.96743360841587,117.17430664807075
2017-10-11,104.98023942348298,117.18352176299376
2017-10-12,104.9820668410081,117.2356060026273
2017-10-13,105.07764472225432,117.63850206014266
2017-10-16,105.00003041549277,117.0819855390962
2017-10-17,104.91669392097684,116.75930633251701
2017-10-18,104.92089920770637,116.74419059699261
2017-10-19,104.84813143614493,115.99492355930022
2017-10-20,104.94221674400657,116.51219200805694
2017-10-23,104.99168462378078,116.75499600391616
2017-10-24,104.97872341714339,116.8201377907908
2017-10-25,105.02728018170684,117.20133433962765
2017-10-26,105.03833521632345,117.45978024129093
2017-10-27,104.97332381520366,117.33297467889837
2017-10-30,104.72113221445207,116.34454278798381
2017-10-31,104.70758970180194,116.50831147770657
2017-11-01,104.7659466475834,116.7043683468606
2017-11-02,104.74803140491689,116.34168023902734
2017-11-03,104.71209091303784,115.92553267096389
2017-11-06,104.7932251038344,116.6654111752595
2017-11-07,104.88185917107533,117.55455886725044
2017-11-08,104.84783653176851,117.43652479501101
2017-11-09,104.94441814480959,118.12921290287252
2017-11-10,104.8807011299042,118.20139978790583
2017-11-13,104.81799706396741,118.28320899772278
2017-11-14,104.65219939095805,117.55566362494004
2017-11-15,104.58219764065433,117.2798217765504
2017-11-16,104.62905041873323,117.32642400154288
2017-11-17,104.5032492167314,116.34112747347083
2017-11-20,104.56598281418977,116.75453879283484
2017-11-21,104.55925070041494,117.16904561917411
2017-11-22,104.3477818371652,117.23487199892035
2017-11-23,104.09776725663767,115.5455398252095
2017-11-24,104.11820400069638,115.43818615668866
2017-11-27,103.98564250142033,114.2471611321497
2017-11-28,104.03708940615289,114.85245154135295
2017-11-29,104.02572461738684,114.90336387016791
2017-11-30,103.93608097923826,114.16672357326509
2017-12-01,103.98920485141257,114.36362628990324
2017-12-04,104.11004370067644,114.3655987891099
2017-12-05,104.05527801848093,113.6386131469999
2017-12-06,104.051463998228,113.36726116307348
2017-12-07,103.98291393410801,112.92522805886817
2017-12-08,104.07378670748426,113.49955214672451
2017-12-11,104.16768320963645,114.3952019810089
2017-12-12,104.05341703128343,113.54816087335968
2017-12-13,104.09614673266377,114.10318175922987
2017-12-14,104.06244595011758,114.05061006253004
2017-12-15,104.01940689282476,113.53334288020798
2017-12-18,104.08428698562633,113.60625468376786
2017-12-19,104.11154756068338,114.07777093790202
2017-12-20,104.05007934473171,113.67918145119937
2017-12-21,104.03747454284886,113.97618335577036
2017-12-22,104.03848275146707,114.14999103390161
2017-12-25,104.04277424258763,113.79989538926768
2017-12-26,104.0810206777699,114.09850771302143
2017-12-27,104.00868184786978,113.68836226115933
2017-12-28,104.10307338533305,114.53519319434517
2017-12-29,104.10492216793531,114.49309186056063
2018-01-02,104.36683816624046,115.73912331354617
2018-01-03,104.48533558806454,116.50019961375446
2018-01-04,104.55213497410382,117.07183663349959
2018-01-05,104.62225962675275,117.20581983201488
2018-01-08,104.72634448078195,117.87403077651777
2018-01-09,104.78411905969665,118.00102623343423
2018-01-10,104.71066497569987,117.72363172807465
2018-01-11,104.6499530224017,117.60193778527848
2018-01-12,104.6432412479996,117.60965355590128
2018-01-15,104.54271920765483,116.51946305166503
2018-01-16,104.59625506268925,116.98861889900351
2018-01-17,104.56554096849295,116.86633886802638
2018-01-18,104.58433585093525,117.14201584900098
2018-01-19,104.58760045881962,117.30549509397783
2018-01-22,104.73118142407229,118.05186125325939
2018-01-23,104.82849329415897,118.66072856949425
2018-01-24,104.84957783211655,118.7331312750452
2018-01-25,104.92394478115938,119.27682057818696
2018-01-26,104.94467063762123,119.31328173218347
2018-01-29,104.90151172049357,118.49617566139703
2018-01-30,104.7871859675589,117.63877130056915
2018-01-31,104.80847508626539,117.3158794399204
2018-02-01,104.59532280354532,115.24281915191088
2018-02-02,104.6797556049607,115.92138940965188
2018-02-05,104.67479003607406,115.68064398539093
2018-02-06,104.34661216890271,112.47208035890112
2018-02-07,104.26871883840008,111.50403521574597
2018-02-08,104.24603881366559,110.92151793044494
2018-02-09,103.83005782720889,107.44868045091225
2018-02-12,104.06290705937373,108.59096024018609
2018-02-13,104.14981002580367,109.11356338069393
2018-02-14,104.26806122231352,109.81895813922353
2018-02-22,104.6392914571244,111.47931346104625
2018-02-23,104.76184709406357,111.9892808584816
2018-02-26,105.04200841649838,113.22239501305393
2018-02-27,104.99686885333155,112.37879569314447
2018-02-28,104.98251988503678,111.89385183897542
2018-03-01,105.10027207645891,112.43110262454677
2018-03-02,105.09113085562511,112.16756975252937
2018-03-05,105.05377368135673,111.94837326335916
2018-03-06,105.18284007712143,112.74378358614652
2018-03-07,105.10378389646817,112.073246438816
2018-03-08,105.24705878127153,113.05772264816372
2018-03-09,105.27791307388559,113.48639493843268
2018-03-12,105.41093705088443,114.37688460052524
2018-03-13,105.36844640863944,114.01075704902541
2018-03-14,105.3580386649521,113.81086811749668
2018-03-15,105.36189012828167,113.76900118830406
2018-03-16,105.34152832893623,113.2899378699066
2018-03-19,105.34191760504075,113.22541434175966
2018-03-20,105.40213037017625,113.56185753173087
2018-03-21,105.41235108288643,113.38676892471243
2018-03-22,105.40271859889639,112.75420312637272
2018-03-23,105.29922455994819,110.25785363509777
2018-03-26,105.43185451785173,110.527340623173
2018-03-27,105.54706586837237,111.8069812274486
2018-03-28,105.41799244159176,110.46769964988037
2018-03-29,105.47352011617991,110.96929947587064
2018-03-30,105.63172123467224,111.44201082197394
2018-04-02,105.76094795878916,111.6334938459725
2018-04-03,105.78290396341794,111.11582044615903
2018-04-04,105.88144567544411,111.1077084597557
2018-04-09,106.16242726826921,111.27351960601494
2018-04-10,106.25949286726977,112.07064183059437
2018-04-11,106.3469300264337,112.63823948825875
2018-04-12,106.27809076328943,112.15121748190533
2018-04-13,106.25130255478533,111.58914569627075
2018-04-16,106.19083171814496,110.69952316851597
2018-04-17,106.11696598473624,109.49862405139447
2018-04-18,106.62767949755934,109.71742197224926
2018-04-19,106.69025727732742,110.52236857925494
2018-04-20,106.54941463858955,109.20235832093765
2018-04-23,106.4749383199151,109.09209629189769
2018-04-24,106.61783460325442,110.36709373587279
2018-04-25,106.5990165761045,110.35045329277224
2018-04-26,106.37959536828616,109.12917528610635
2018-04-27,106.36467414661755,109.33565185074863
2018-05-02,106.37529678385309,109.29060495797269
2018-05-03,106.42316357361103,109.67863698575539
2018-05-04,106.44701963559801,109.80004862531337
2018-05-07,106.5934695700819,110.97491902883196
2018-05-08,106.581630444157,111.54861094888275
2018-05-09,106.51579759254793,111.42781576075531
2018-05-10,106.58979402815172,112.03464001722357
2018-05-11,106.52271112665422,111.60047085646549
2018-05-14,106.55225120786942,111.74174813680457
2018-05-15,106.53892566889324,112.23127170294036
2018-05-16,106.45139964347179,111.87407516280423
2018-05-17,106.39698516723675,111.54488161612521
2018-05-18,106.53392092939976,112.45598177801087
2018-05-21,106.68409482350138,113.05648416044991
2018-05-22,106.73756964472996,113.24526975230577
2018-05-23,106.64402760549862,112.13375524943191
2018-05-24,106.73213982146832,112.04210851369653
2018-05-25,106.70699337752669,111.60927706494779
2018-05-28,106.700297968589,111.33083132684804
2018-05-29,106.67391876399819,110.77218891293047
2018-05-30,106.50230956080897,109.21279486526379
2018-05-31,106.60082304111165,110.4447546605739
2018-06-01,106.53631427394994,109.78668819232942
2018-06-04,106.576305997126,109.87081343049138
2018-06-05,106.59566303305013,110.67445588333977
2018-06-06,106.63054328292321,111.04977528445043
2018-06-07,106.57474113624943,110.75448356677296
2018-06-08,106.33701517915961,109.45564166595932
2018-06-11,106.3457936884169,109.2736500249405
2018-06-12,106.41612973469141,110.10879382379277
2018-06-13,106.30315632957628,109.13130766234684
2018-06-14,106.28934494124542,108.79019127098597
2018-06-15,106.20421684028037,107.8439324307827
2018-06-19,105.82724721902683,104.1546983605787
2018-06-20,105.87762913442876,104.52807998413311
2018-06-21,105.77102873948195,103.42868617411183
2018-06-22,105.85025254404844,104.01000344451674
2018-06-25,105.80670507353894,103.34938683545309
2018-06-26,105.78596085843732,103.08028646366118
2018-06-27,105.73855804968129,102.29660672766192
2018-06-28,105.72049947420088,101.61817081948479
2018-06-29,106.0753316621974,103.34647013236147
2018-07-02,106.02951794115263,102.01959129283091
2018-07-03,106.08964308959673,102.1578247914906
2018-07-04,106.01988641595761,101.65121685103489
2018-07-05,105.97673567036998,100.51246117349532
2018-07-06,106.01614641599026,100.73492107193478
2018-07-09,106.24730144892153,102.31762245590564
2018-07-10,106.23003998845213,102.64481783375734
2018-07-11,106.0417358325852,101.1982102502316
2018-07-12,106.23988577445718,102.63600251842773
2018-07-13,106.26856845064296,102.81827606263789
2018-07-16,106.35460797773888,102.79466875202239
2018-07-17,106.3263403078114,102.40212398890276
2018-07-18,106.33891606805761,102.15107325371963
2018-07-19,106.43061241575214,101.76631452193025
2018-07-20,106.57360530481716,102.59207303189206
2018-07-23,106.69062426007928,103.17536519819228
2018-07-24,106.86666054362719,104.62517134190894
2018-07-25,106.93821603198872,104.80377940964208
2018-07-26,106.99736122560614,104.39382086102387
2018-07-27,107.03905061039589,104.19440091732753
2018-07-30,107.12425893605632,103.82810790525399
2018-07-31,107.25962137336667,103.97901473102951
2018-08-01,107.14835026035632,102.68931542333155
2018-08-02,107.03367595929763,101.24422430805392
2018-08-03,107.01265768118846,100.48366365332959
2018-08-06,107.07268569845272,99.54957430532963
2018-08-07,107.44802205762507,101.4890209567448
2018-08-08,107.42340984228352,100.9599406274341
2018-08-09,107.48796774793806,102.23304381394411
2018-08-10,107.42175031253855,102.27853801954785
2018-08-13,107.27637572421003,102.1737419562995
2018-08-14,107.26099466328168,102.00576797490304
2018-08-15,107.05115744448864,100.39114630882679
2018-08-16,106.88815845680135,99.84934919361514
2018-08-17,106.64943806140796,98.712346405318
2018-08-20,106.7348821045192,99.444044459008
2018-08-21,106.8378171872701,100.54179363423597
2018-08-22,106.82439666074832,100.06351739174406
2018-08-23,106.86674491660406,100.24654143006104
2018-08-24,106.90289440402769,100.13642612194063
2018-08-27,107.07871069761433,101.65732884036174
2018-08-28,107.0903820735392,101.69726194128927
2018-08-29,107.03678114190096,101.33643970601001
2018-08-30,106.9915364154419,100.45982062782987
2018-08-31,106.9578228576463,99.89111434912792
2018-09-03,106.93434333836423,99.61877117186914
2018-09-04,107.04068298698708,100.2982987902489
2018-09-05,106.90285262536223,99.27093547610399
2018-09-06,106.898364283748,99.16418248938244
2018-09-07,106.93215538969324,99.52429970482555
2018-09-10,106.8288170453395,98.42511822516003
2018-09-11,106.78124444529067,98.42993436617692
2018-09-12,106.72007976728166,97.94089762665696
2018-09-13,106.81710995125367,98.68839879209528
2018-09-14,106.86309811331598,98.62201430420427
2018-09-17,106.80658558194511,97.6130151464937
2018-09-18,106.9732781685207,98.79308081988924
2018-09-19,107.08714541720259,99.76612807065028
2018-09-20,107.05423687476663,99.65346582062642
2018-09-21,107.26718509078607,101.06667333527054
2018-09-25,107.29419945923806,100.79507275099728
2018-09-26,107.45422739850477,101.45818312554611
2018-09-27,107.45479860090921,100.99495423995128
2018-09-28,107.57921873384826,101.5796400297498
2018-10-08,107.40719184886227,99.0199461304355
2018-10-09,107.54517536585058,99.57702993355134
2018-10-10,107.61099954433284,99.75373749080865
2018-10-11,107.13621429846789,95.8584042300915
2018-10-12,107.29079666371881,96.38965887794183
2018-10-15,107.19121886467894,95.40754615434408
2018-10-16,107.07275120823687,94.34418051489172
2018-10-17,107.15180389035066,94.62986395918483
2018-10-18,106.90916958128535,92.54586720188897
2018-10-19,107.12286008409654,94.00456090877822
2018-10-22,107.51274482526219,96.74427741450302
2018-10-23,107.30470428011036,95.32216804832166
2018-10-24,107.31446382272969,95.20314741210635
2018-10-25,107.31749929166867,95.002907677766
2018-10-26,107.2841993711802,94.80265729939356
2018-10-29,107.15663971677635,93.38350879309768
2018-10-30,107.21029308310878,93.59940385711802
2018-10-31,107.37577331298121,94.68579533573273
2018-11-01,107.47600950251854,95.19078931283887
2018-11-02,107.62922279911848,97.01600125001701
2018-11-05,107.66017564310995,96.82167169973677
2018-11-06,107.70102166985451,96.70045885466233
2018-11-07,107.75228597545524,96.5610676957221
2018-11-08,107.73661293727861,96.20389541807613
2018-11-09,107.62541408138577,95.32965959047108
2018-11-12,107.77643016178651,96.31800916923592
2018-11-13,107.8822143781887,97.08405751853331
2018-11-14,107.89525445323243,96.59288386380558
2018-11-15,108.08327873932862,97.55458724240344
2018-11-16,108.26989322556446,97.77863378237106
2018-11-19,108.36852704473345,98.18489850695218
2018-11-20,108.19911983941641,96.86239868123573
2018-11-21,108.27208046135024,97.10209048912806
2018-11-22,108.23942588072129,96.96491915994622
2018-11-23,107.96413130227627,94.93455397677766
2018-11-26,107.92767456270242,94.74254079571574
2018-11-27,107.9261356305891,94.8849921441551
2018-11-28,108.08979983100586,95.66333979262134
2018-11-29,108.03839102186392,94.95717308095004
2018-11-30,108.15813799878073,95.52395037585862
2018-12-03,108.44514683769269,97.38239705559633
2018-12-04,108.5270833860658,97.76589470121301
2018-12-05,108.5658150982731,97.38325046738142
2018-12-06,108.39884607337453,96.06552592818214
2018-12-07,108.37673826199179,95.93998373055616
2018-12-10,108.36759422360218,95.43017174230503
2018-12-11,108.42304916050345,95.78953752552567
2018-12-12,108.4922501889682,95.94804125446001
2018-12-13,108.50386684354389,96.66575490118244
2018-12-14,108.26403809495406,95.32545532944648
2018-12-17,108.21514080110836,95.26225810548254
2018-12-18,108.14178679573783,94.87586452675625
2018-12-19,108.09615643058564,94.09287688614954
2018-12-20,108.12322935138963,93.83233957031814
2018-12-21,108.0468276297236,93.36224615318628
2018-12-24,108.0756885150427,93.72219592257981
2018-12-25,108.0200634754106,93.26824505207028
2018-12-26,108.00967821893741,93.05239398169964
2018-12-27,107.96170529030218,92.47666760940902
2018-12-28,108.14513415421565,92.86751407320885
2019-01-02,108.23102159187941,91.98950576401171
2019-01-03,108.33707261433787,91.8944004345148
2019-01-04,108.61202362173891,93.1468124264021
2019-01-07,108.81644374647527,93.87006770450111
2019-01-08,108.91199893106285,93.6658957186831
2019-01-09,109.01990838732306,94.12312048837998
2019-01-10,109.01227125991713,94.08240444463027
2019-01-11,109.07365895894281,94.63771986307256
2019-01-14,108.96584019090676,94.15003303673886
2019-01-15,109.11165001086587,95.1598226056173
2019-01-16,109.18619666744954,95.0970589334899
2019-01-17,109.18214591302757,94.85281421205109
2019-01-18,109.3692804472568,95.7282786348299
2019-01-21,109.4906586614095,96.13439428738351
2019-01-22,109.33621545149768,95.28563797661181
2019-01-23,109.34796342094238,95.36342480870988
2019-01-24,109.3816765429936,95.5096319298623
2019-01-25,109.36646101483787,95.52640438057122
2019-01-28,109.3874775540026,95.50184133636364
2019-01-29,109.37385110326086,95.13440472112478
2019-01-30,109.36009948049406,94.58229823149095
2019-01-31,109.44220384781431,94.56296512639301
2019-02-01,109.633087460619,95.670881917305
2019-02-11,110.02157396737861,97.06517355707687
2019-02-12,110.1450181380653,97.75672889685852
2019-02-13,110.34618284711604,99.18601033528599
2019-02-14,110.3218320629257,99.11327457997905
2019-02-15,110.23725734241117,98.61008927387486
2019-02-18,110.51529996587858,100.56414809622247
2019-02-19,110.52072752732718,100.41744459079214
2019-02-20,110.54381561194432,100.71392866284764
2019-02-21,110.5537727914283,100.6739624771045
2019-02-22,110.70210048133376,101.64207193204702
2019-02-25,111.01333620209148,104.72499097890868
2019-02-26,110.85683149130348,104.34386137850393
2019-02-27,110.87127116277922,104.62600489755256
2019-02-28,110.85299961734658,104.43289880666123
2019-03-01,110.98404317332964,105.41754666476328
2019-03-04,111.07899456350945,106.37818934978911
2019-03-05,111.1743469868336,107.36473482072005
2019-03-06,111.32406337833687,108.54796963721805
2019-03-07,111.39048793200676,108.61855358817559
2019-03-08,111.03516661777182,105.27807402528721
2019-03-11,111.35811456633431,107.47762675738319
2019-03-12,111.47676188785478,108.70879099739952
2019-03-13,111.31083752495402,107.41211981938012
2019-03-14,111.15238120782867,106.18632795872762
2019-03-15,111.25290899510041,106.97965725368222
2019-03-18,111.55179892366407,109.10635548712828
2019-03-19,111.52333919786233,109.0619131733338
2019-03-20,111.50075926915481,108.89835071284533
2019-03-21,111.57255077547647,109.35524109106376
2019-03-22,111.59508151428803,109.35698344380683
2019-03-25,111.4891165650661,108.01013616228428
2019-03-26,111.38009639532534,106.8349853261078
2019-03-27,111.49104338072414,107.4871307542472
2019-03-28,111.39459013442735,106.81115981495246
2019-03-29,111.64278065627404,108.72212121375784
2019-04-01,111.90616930517787,110.95656810361108
2019-04-02,111.89332251016184,111.1413063724423
2019-04-03,111.95144991211488,111.91682258224058
2019-04-04,111.98418741079902,112.53742361466459
2019-04-08,112.03741224742157,112.65301376363044
2019-04-09,111.98280751859056,112.65088081541485
2019-04-10,112.01423366627057,112.83757330651305
2019-04-11,111.86254440984995,111.27853964247147
2019-04-12,111.84592854996271,111.22669875250706
2019-04-15,111.73591926333243,110.7639522320929
2019-04-16,111.85317801618535,112.39680246754962
2019-04-17,111.8580024519589,112.58928502252495
2019-04-18,111.82098560649443,112.2268682071049
2019-04-19,111.96637163282443,113.00282881342423
2019-04-22,111.90986416877837,112.35755725839091
2019-04-23,111.7674351197161,111.39389576113776
2019-04-24,111.75382450576821,111.74547309307887
2019-04-25,111.48857358844504,109.57949295968952
2019-04-26,111.3597508584804,108.61634466553028
2019-04-29,111.27614335528486,107.61483797310238
2019-04-30,111.35914214802519,107.9870376554573
2019-05-06,110.95401744934912,103.48803442053485
2019-05-07,111.13967316285849,104.28144906287513
2019-05-08,111.14138018900748,103.82742378444479
2019-05-09,111.12902968214402,102.69333477318435
2019-05-10,111.40769670850207,104.87720986053155
2019-05-13,111.4295139679653,104.31918189902805
2019-05-14,111.38822825145508,104.00999190587052
2019-05-15,111.65067118250715,105.50077585714499
2019-05-16,111.80262755150126,106.09752393124086
2019-05-17,111.54111457437932,103.85414539046364
2019-05-20,111.47306043108954,103.03043375391232
2019-05-21,111.62253554625087,104.12543330183179
2019-05-22,111.4693475919348,103.66602476457128
2019-05-23,111.28366307564332,102.2004803426272
2019-05-24,111.30681689275114,102.02899890858707
2019-05-27,111.45292284772503,103.21391520452418
2019-05-28,111.54369874125491,103.80312145109613
2019-05-29,111.71472552834123,103.92629753096665
2019-05-30,111.62584093192737,103.6842241903154
2019-05-31,111.66664103646798,103.74753823297308
2019-06-03,111.66438457766306,103.52608583604173
2019-06-04,111.66589939236499,102.94344041400817
2019-06-05,111.69217578136316,103.13118515058557
2019-06-06,111.46054709958952,101.84258061542305
2019-06-10,111.61405036116669,102.72700529947798
2019-06-11,111.87977656091486,104.77849017074867
2019-06-12,111.8206900895407,104.56934185394925
2019-06-13,111.90177383751336,104.75366924324464
2019-06-14,111.79669768534426,104.02453237768587
2019-06-17,111.85628522824041,103.95230025504776
2019-06-18,111.87238729703583,104.14151264217637
2019-06-19,111.99224744403719,104.85666056956032
2019-06-20,112.23247764754053,106.51535122550149
2019-06-21,112.37176057995993,107.17278979867359
2019-06-24,112.45519279037974,107.4073052418456
2019-06-25,112.48215645296125,107.33104126678181
2019-06-26,112.4253150194574,106.89727785040857
2019-06-27,112.5596034284351,107.57498530875651
2019-06-28,112.56004402157667,107.28871312271299
2019-07-01,112.7765669769402,108.79196376701456
2019-07-02,112.88979736095264,109.0744354710151
2019-07-03,112.88607756901526,108.58304379281954
2019-07-04,112.8770694430209,108.1098729934119
2019-07-05,112.98152366094077,108.63401097889486
2019-07-08,112.75898110827104,106.64253379359228
2019-07-09,112.68769990547803,106.37655692481339
2019-07-10,112.63693531490098,105.97916299624872
2019-07-11,112.74674797499293,106.53389079091046
2019-07-12,112.78760735850162,106.70134359681384
2019-07-15,112.91910356447157,107.19127158409178
2019-07-16,112.89984800277198,107.18615211875628
2019-07-17,112.85635814469319,106.93688501774072
2019-07-18,112.78668916485697,106.2142023024291
2019-07-19,112.90950154901651,107.01103785583004
2019-07-22,112.76189889127738,105.69103225648398
2019-07-23,112.79865181550251,105.96731324634601
2019-07-24,112.92228969391118,106.65983896280164
2019-07-25,112.95454007187456,106.8263962416618
2019-07-26,112.94332274198788,106.82738568728713
2019-07-29,112.95546602290902,106.84144294169529
2019-07-30,113.03507331479155,107.28680443140533
2019-07-31,113.01936194221851,106.83581946489109
2019-08-01,112.89927941664143,106.01798685061767
2019-08-02,112.88757832792093,105.13423508059691
2019-08-05,112.90824851898398,104.54706155558497
2019-08-06,112.81443955556954,103.29306158108345
2019-08-07,112.87834025932597,103.47165502140278
2019-08-08,112.9713091460846,104.01968611883352
2019-08-09,112.92711096934566,103.20508885080922
2019-08-12,113.06515463149391,104.04400260283771
2019-08-13,113.12442737562974,104.00785036848086
2019-08-14,113.12646349027989,104.14973510674746
2019-08-15,113.21429162799781,104.63721413532328
2019-08-16,113.24411028148955,104.87101151966792
2019-08-19,113.4585242407398,106.2886324566472
2019-08-20,113.52076808030836,106.59293672852841
2019-08-21,113.49559240381049,106.46082758283346
2019-08-22,113.54792655895729,106.58967914058441
2019-08-23,113.609701837684,106.82377098836966
2019-08-26,113.60706649841816,106.36732851970136
2019-08-27,113.69150151653366,107.3509947338283
2019-08-28,113.68656530015822,107.15627811001286
2019-08-29,113.70817719162251,107.24929461665734
2019-08-30,113.61902400266601,106.87246837802576
2019-09-02,113.74167804470186,107.80521360046218
2019-09-03,113.77076708466029,108.00769426800976
2019-09-04,113.90493919764533,108.69213320510947
2019-09-05,113.9641932109863,109.10776013305458
2019-09-06,113.94809510903809,109.10294623207568
2019-09-09,114.04879988600489,109.82039393488598
2019-09-10,114.08658101213271,110.19173959934008
2019-09-11,114.02928390173213,109.53709438647927
2019-09-12,114.02667254464609,109.84601324937975
2019-09-16,114.13474461132216,110.16937863691496
2019-09-17,113.99213316330523,108.75405652297077
2019-09-18,113.97427484688197,108.77666795618926
2019-09-19,113.94514705611745,108.96295670752207
2019-09-20,113.93268579431546,109.11699440566498
2019-09-23,113.82671047267263,108.21734483270893
2019-09-24,113.82130859840794,108.39755422206643
2019-09-25,113.72478410640103,107.43113662417024
2019-09-26,113.52280038252856,105.93774486537593
2019-09-27,113.47953868165419,105.96511481456072
2019-09-30,113.44059635436281,105.4694036123672
2019-10-08,113.68340843714635,105.88531407587271
2019-10-09,113.7753931296497,106.28925699158265
2019-10-10,113.87026466691346,106.97402915548989
2019-10-11,113.9665705392209,107.55895242778925
2019-10-14,114.0207053146732,108.07197310604863
2019-10-15,113.95612516162457,107.57861308823662
2019-10-16,113.93618490262874,107.17153441486846
2019-10-17,113.96689336964252,107.2732741186609
2019-10-18,113.87585320200706,106.33850675505863
2019-10-21,113.95258792452438,106.36496843592622
2019-10-22,113.95971579128363,106.63978562861682
2019-10-23,113.91642738226821,106.14924113420952
2019-10-24,113.88433457797349,105.91949176776619
2019-10-25,113.95868314562192,106.53910354402221
2019-10-28,114.04910896157858,107.54264538177236
2019-10-29,113.9622996309759,106.91655029441338
2019-10-30,113.84269354656897,106.42161812811335
2019-10-31,113.81104905852395,106.23144611493274
2019-11-01,113.93690944506902,106.91504099278433
2019-11-04,114.05201825027693,107.45826278443037
2019-11-05,114.17383850691101,107.7268427905739
2019-11-06,114.13130994837167,107.21156187831772
2019-11-07,114.15331621150646,107.34615721565281
2019-11-08,114.13009202949958,106.96886762147561
2019-11-11,113.45533440577313,105.23935521352821
2019-11-12,113.5403051800962,105.3252236010111
2019-11-13,113.50601005286343,105.35539642032322
2019-11-14,113.35943213288016,105.34453453596375
2019-11-15,113.09394525262424,104.62134290513076
2019-11-18,113.31326811515083,105.13423678640892
2019-11-19,113.73276377242514,106.095496154078
2019-11-20,113.90988947149967,105.9883428249109
2019-11-21,113.71317971144997,105.74278532931099
2019-11-22,113.5798080031147,105.3728406364893
2019-11-25,113.84357157076586,105.87420365886051
2019-11-26,113.80497893685867,105.98807023941185
2019-11-27,113.55618703356345,105.63480011259814
2019-11-28,113.46545911637362,105.32730567300487
2019-11-29,113.29031075564116,104.67784061754082
2019-12-02,113.3401282375651,104.68959579440703
2019-12-03,113.5112623090438,104.8895699258896
2019-12-04,113.63957822342346,105.04890859891813
2019-12-05,113.84843333627789,105.45694744223144
2019-12-06,114.08990889617368,105.87685504842949
2019-12-09,114.1803439632392,105.96118686644611
2019-12-10,114.24857116630534,106.07313502657301
2019-12-11,114.32720134542281,106.15198190595572
2019-12-12,114.28217260690327,105.99440553890886
2019-12-13,114.71278029668439,107.00903193487541
2019-12-16,114.96444967619377,107.5484267063868
2019-12-17,115.3575350356973,108.55297007337195
2019-12-18,115.1874803157697,108.35620889370378
2019-12-19,115.22951501821608,108.5394592817697
2019-12-20,115.17564626686041,108.14840066735391
2019-12-23,114.89787458703123,107.25475875572646
2019-12-24,115.11458223384842,107.94523885164087
2019-12-25,115.13518960327912,107.95983639507243
2019-12-26,115.41373382975797,108.46920283800384
2019-12-27,115.6845119352125,108.82024918040327
2019-12-30,115.97880666850615,109.57423243327872
2019-12-31,116.15160293239609,110.06802498472739
2020-01-02,116.54068336617055,111.08886166813696
2020-01-03,116.5187183254468,111.33361716508041
2020-01-06,116.61456915500739,111.87042403455105
2020-01-07,116.92722174809766,112.22922329276042
2020-01-08,116.67925407020311,111.68286954180051
2020-01-09,116.7982007193436,111.93563939059399
2020-01-10,116.79920979753003,111.69894203612944
2020-01-13,116.97814489598417,112.27540547718395
2020-01-14,116.91773580376046,112.41753426848892
2020-01-15,116.73742489946241,111.87071355008193
2020-01-16,116.63663085210251,111.46730804591891
2020-01-17,116.77830249525793,111.57369047926913
2020-01-20,116.83349285382431,111.90690066730751
2020-01-21,116.17308497462871,110.69684015122594
2020-01-22,116.2179627961574,110.68124921865865
2020-01-23,115.28383313703716,108.29058303017894
2020-02-03,112.33898444378352,102.0424244583546
2020-02-04,113.18880554767756,103.35701244466304
2020-02-05,113.77261341986451,104.84303144192204
2020-02-06,114.64843866419874,106.68030824263295
2020-02-07,114.81501607646447,107.00314367688351
2020-02-10,115.12079243095104,107.79548638665857
2020-02-11,115.07860223631627,107.71526913659063
2020-02-12,115.32731029439618,108.5883145784794
2020-02-13,115.2427117772725,108.20378624711718
2020-02-14,115.17191778053044,108.36193854232232
2020-02-17,115.37839854939978,110.13335648010339
2020-02-18,115.4539655461962,110.36537607914218
2020-02-19,115.26984678622921,110.05486244637781
2020-02-20,115.20782905415801,111.17869909600608
2020-02-21,115.20492782154335,111.79576458241417
2020-02-24,115.28933301231402,111.93313611864
2020-02-25,115.48455049288226,111.48000968535227
2020-02-26,115.54380619522658,110.41509491379517
2020-02-27,115.47749123901605,110.73104509535048
2020-02-28,115.39086806488108,107.41627583362157
2020-03-02,115.7300716828512,109.99880465777774
2020-03-03,115.6805753412062,110.7200026526137
2020-03-04,115.66172048453127,111.17529175702734
2020-03-05,115.52595150265125,112.77278559546554
2020-03-06,115.50769202942067,112.05650257379294
2020-03-09,115.54259508097542,109.2107614494301
2020-03-10,115.59523646216039,110.25705033786788
2020-03-11,115.46223055404579,109.58114134893594
2020-03-12,115.24881827501122,107.52065519121605
2020-03-13,115.15946112814387,106.12453863050095
2020-03-16,115.02443599900978,103.35324270179633
2020-03-17,115.19091907764964,102.79020845984121
2020-03-18,115.00740441541191,101.35342506439649
2020-03-19,115.06517929170397,100.63003258801986
2020-03-20,115.2236168235433,102.36136936712947
2020-03-23,115.09485740757563,100.22474848124708
2020-03-24,115.05892660631065,102.59939583978873
2020-03-25,115.20378622098322,104.37788885949169
2020-03-26,115.08112628320842,103.92944217277196
2020-03-27,115.10045658610846,104.1364287828016
2020-03-30,115.02838063021359,103.14303807409433
2020-03-31,114.97689099877356,103.65347338490218
2020-04-01,114.88367122348961,103.09727650709435
2020-04-02,115.03391752284735,104.19452062280384
2020-04-03,114.88555591502228,103.93456167813113
2020-04-07,115.44442770163288,106.47800192380667
2020-04-08,115.83965336997181,106.39028763362992
2020-04-09,116.06350429516559,107.13665447006106
2020-04-10,115.87586641437343,106.19015287976785
2020-04-13,115.85994623511252,105.96582826845835
2020-04-14,115.80758860318248,107.41492060793902
2020-04-15,115.81805920693012,106.8947983465816
2020-04-16,115.74716310018654,106.97326001872712
2020-04-17,115.88787654188448,107.01760131671361
2020-04-20,115.91980233254961,107.44927163649147
2020-04-21,115.92146469814955,106.73181883233558
2020-04-22,115.96854222853241,107.44436876677446
2020-04-23,115.9490939110601,107.64148806938272
2020-04-24,115.90743084193898,106.92238585416422
2020-04-27,116.04258658749652,106.79937368968866
2020-04-28,115.80123861965515,106.30934804415443
2020-04-29,115.97274057957456,106.2550734373404
2020-04-30,116.17727941570253,107.10095011007877
2020-05-06,116.09922802872867,107.65460270702816
2020-05-07,115.87356894477372,107.44824298019371
2020-05-08,115.85027467383833,108.23642501981384
2020-05-11,115.87669216155885,108.08912177567902
2020-05-12,115.68009521022817,107.89367213897707
2020-05-13,115.56704119173216,108.14538513043513
2020-05-14,115.49281776097922,107.45867231162798
2020-05-15,115.56878183622041,107.51836118158313
2020-05-18,115.24502032183679,108.36931774693666
2020-05-19,115.43081458492199,108.67109332459417
2020-05-20,115.46722341926285,108.35800027502565
2020-05-21,115.40412239817898,107.76007101038499
2020-05-22,115.79479868141166,106.09000592830068
2020-05-25,115.59722098209974,106.18935702499608
2020-05-26,115.44150213534054,107.17884753542259
2020-05-27,115.38410368861449,106.57236741559277
2020-05-28,115.36472334609635,106.61126462630088
2020-05-29,115.40150811845365,107.02662641670997
2020-06-01,115.26699125784296,108.8772934544383
2020-06-02,114.94623757307573,108.94625059784761
2020-06-03,114.7258006452668,109.02280846673358
2020-06-04,114.51412109376035,108.87233238734095
2020-06-05,114.2624336321684,109.0028721518205
2020-06-08,114.30612874755022,109.31092719225019
2020-06-09,114.31944742652915,109.74304498309617
2020-06-10,114.32442135518228,109.65350685574289
2020-06-11,114.58453161727795,109.05481675082638
2020-06-12,114.61769682960426,108.9362312130407
2020-06-15,114.79238385993553,108.25641157338369
2020-06-16,114.68282893485824,109.55766714544373
2020-06-17,114.61210906875633,109.93862372768916
2020-06-18,114.61121249223952,110.2570004884242
2020-06-19,114.46086734586987,110.91629116465442
2020-06-22,114.46896890017383,111.10717410192035
2020-06-23,114.17279997361567,111.36084793567153
2020-06-24,114.19488260217354,111.5020685072754
2020-06-29,114.3455776348065,111.1335531778599
2020-06-30,114.36646962317039,111.82808858240882
2020-07-01,114.27493152730807,112.77298875951627
2020-07-02,114.15353057975257,114.06813379868188
2020-07-03,114.04034720935347,115.28860876994993
2020-07-06,113.56389255392179,118.82291728791867
2020-07-07,113.41387258633763,119.30063204224251
2020-07-08,113.41583681945428,121.00857092350779
2020-07-09,113.33849705668557,123.21789237033262
2020-07-10,113.25119675560164,121.47328374857105
2020-07-13,113.13885025769865,123.86181720190987
2020-07-14,113.33142404726351,123.5162227629401
2020-07-15,113.27269298099311,122.29709373005939
2020-07-16,113.5978299113658,118.01712357433559
2020-07-17,113.65259244701119,118.61239029952486
2020-07-20,113.99576218458559,121.22158010323196
2020-07-21,114.04472350358171,121.87354044387516
2020-07-22,114.25954920438312,122.37121661318471
2020-07-23,114.33583227929233,122.52147232000323
2020-07-24,114.64187240624382,119.25229477645884
2020-07-27,114.77985100965904,120.12324311511429
2020-07-28,114.50338358008658,120.57740207205714
2020-07-29,114.44034453327463,122.04173523668635
2020-07-30,114.4036770313233,121.8184769501175
2020-07-31,114.4021447234804,122.60838680862183
2020-08-03,114.55510868950334,124.16375839529472
2020-08-04,114.4600535684591,124.07745740909843
2020-08-05,114.51752866689505,124.88167501400913
2020-08-06,114.70281324062756,124.98981164271154
2020-08-07,114.77489735148797,123.95974354339188
2020-08-10,114.82683474292095,123.99508644506629
2020-08-11,114.60125227308342,122.76813199600976
2020-08-12,114.44268478237633,121.5491298557187
2020-08-13,114.60702771647249,121.96611726502869
2020-08-14,114.56227181217378,122.67031483782407
2020-08-17,114.62819818380665,124.4929768300953
2020-08-18,114.74728436028461,125.51783251758988
2020-08-19,114.66845506568542,124.85333820831592
2020-08-20,114.45212751416408,123.39682027713823
2020-08-21,114.50043068072601,123.81226780483969
2020-08-24,114.5770132235387,124.70571736872805
2020-08-25,114.42962429341507,124.1162904331104
2020-08-26,114.34303314016712,123.21250313975642
2020-08-27,114.34487221950602,123.67719700804018
2020-08-28,114.45536845975867,125.0624911667507
2020-08-31,114.52604118327692,125.34116254705805
2020-09-01,114.57368128131739,125.96759353355492
2020-09-02,114.49106136859338,125.62393561203878
2020-09-03,114.38674986912713,125.03202651802556
2020-09-04,114.32951814033407,124.35640771936664
2020-09-07,114.16463148275578,122.76501372023279
2020-09-08,114.28416915856145,123.16722396540256
2020-09-09,114.06096138122248,121.05802995084873
2020-09-10,114.0487826234117,120.29693620348768
2020-09-11,114.14347375967195,121.07894900124498
2020-09-14,114.28175147999661,121.86038069424157
2020-09-15,114.40640450617263,122.46377682399947
2020-09-16,114.37583687990265,121.8841669643798
2020-09-17,114.30696015679673,121.15531640284505
2020-09-18,114.55479552723007,122.78824391867238
2020-09-21,114.54501266599793,122.12084555322458
2020-09-22,114.3881586252883,120.70218378815349
2020-09-23,114.35235084467736,120.78124072456443
2020-09-24,114.15749646369784,118.75704063725607
2020-09-25,114.11454263019716,118.70489371163397
2020-09-28,114.1281875371474,118.5577961706135
2020-09-29,114.1381307812011,118.84468416188983
2020-09-30,114.1416217132375,118.83313789125918
2020-10-09,114.6404962299603,121.1541677936356
2020-10-12,115.00246059028866,123.71077629920447
2020-10-13,115.02959551429734,123.89922397850309
2020-10-14,115.00321801345719,123.45434443727883
2020-10-15,114.92459781151214,122.92003375262928
2020-10-16,114.98557614583886,123.0519479658801
2020-10-19,114.98644015772328,122.56479727503438
2020-10-20,115.10227102319661,123.15412368896979
2020-10-21,115.10732408337556,123.033464257988
2020-10-22,115.09826091297933,122.45173118211898
2020-10-23,114.94417563981891,121.17350180242748
2020-10-26,114.98093691999232,121.08557162504141
2020-10-27,115.04686488077101,121.39881753897595
2020-10-28,115.12016938661228,121.8276647384511
2020-10-29,115.12218814045747,121.78125976506277
2020-10-30,114.95909609899336,120.20596722248986
2020-11-02,115.02427160800389,120.72761615245594
2020-11-03,115.26259989134596,122.41012395028572
2020-11-04,115.32830744869788,122.55746281851026
2020-11-05,115.49393846327291,123.93831589763253
2020-11-06,115.44113845913178,123.81482458297886
2020-11-09,115.57282086181493,125.3223750969698
2020-11-10,115.5127923445973,124.5110699713168
2020-11-11,115.52467824852882,124.0718914113865
2020-11-12,115.46821342351765,124.13448505085003
2020-11-13,115.31661327917134,123.60005437300889
2020-11-16,115.48164154594886,125.18070763777914
2020-11-17,115.41161811715814,124.68526709806747
2020-11-18,115.32923715591625,124.67627913966201
2020-11-19,115.28085203636552,124.78493049592099
2020-11-20,115.275988941727,125.60779273012844
2020-11-23,115.46981824792152,126.8047860277925
