时间,BL,Market
2016-03-29,100.0,100.0
2016-03-30,100.34568829114245,102.20589281263723
2016-03-31,100.34898582702296,102.35542995123981
2016-04-01,100.37072279140979,102.41842098694059
2016-04-05,100.4990712450853,103.57043869591426
2016-04-06,100.48207908133418,103.70147723826315
2016-04-07,100.3595458887533,102.68050860289557
2016-04-08,100.39691527543289,102.42688056649858
2016-04-11,100.64672987069743,103.86645840162838
2016-04-12,100.65467021006178,103.70690778093503
2016-04-13,100.86299269227028,105.05249240353565
2016-04-14,100.81682075721695,105.45033475281886
2016-04-15,100.74658770726674,105.25978597392267
2016-04-18,100.712791845724,104.27473159283589
2016-04-19,100.8218461406176,104.66991615939571
2016-04-20,100.48641977558925,102.26188874447033
2016-04-21,100.6450337012569,102.30522470090068
2016-04-22,100.30127511383552,102.08905021026906
2016-04-25,99.98683330608468,101.59742510387129
2016-04-26,100.09293831749918,102.19211513794801
2016-04-27,100.20509372809438,102.14650825290785
2016-04-28,100.1556396866383,101.83494796394041
2016-04-29,100.17338475900308,101.89595863388014
2016-05-03,100.61843356781681,103.73816288519903
2016-05-04,100.51065110806196,103.4780322339087
2016-05-05,100.52482544384536,103.67558437707262
2016-05-06,100.08179708416512,101.04550732228348
2016-05-09,99.95048334647052,98.73371318210845
2016-05-10,100.06362223197627,98.73437107334935
2016-05-11,100.3739537043862,99.04537117218213
2016-05-12,100.31983390320637,98.86635146157847
2016-05-13,100.16319910478755,98.54603011896462
2016-05-16,100.34411098200702,99.57732904394477
2016-05-17,100.43531545676198,99.5115399314657
2016-05-18,100.21616302261091,98.04596951113157
2016-05-19,100.08539411437434,98.04837293397316
2016-05-20,100.11242927136475,98.4558155590752
2016-05-23,100.07569245926749,98.96203811659598
2016-05-24,99.94633208184871,98.3187053544343
2016-05-25,100.03810483150058,98.18458545679182
2016-05-26,100.21692704788848,98.5771925674916
2016-05-27,100.21387994919408,98.48564393993064
2016-05-30,100.31613195105682,98.3624635616887
2016-05-31,100.55507112060977,100.69987912700891
2016-06-01,100.52070104752548,100.83159685333362
2016-06-02,100.56752980202639,101.25082280150646
2016-06-03,100.72986970375959,101.66132230633731
2016-06-06,100.92616671543402,101.98920156650611
2016-06-07,100.98767681913998,102.05638214575437
2016-06-08,100.9821967218517,101.87330839899798
2016-06-13,100.93817233696552,99.66912484088978
2016-06-14,100.88548738145617,99.69709458615826
2016-06-15,101.0120989607818,101.24292242771527
2016-06-16,101.01981559618154,101.22726808405416
2016-06-17,101.06297592884488,101.5045870038241
2016-06-20,101.17083151620787,101.63248457985826
2016-06-21,101.11254617882052,101.1351009028201
2016-06-22,101.22344650116395,101.9362470661196
2016-06-23,101.33637128719776,101.74771284200352
2016-06-24,101.35844595142139,101.30150868394583
2016-06-27,101.71980181173106,102.62963827661295
2016-06-28,101.94656997977584,103.17919737087303
2016-06-29,101.93078044034635,103.49120426587974
2016-06-30,102.13073893998885,103.6701937301517
2016-07-01,102.2433387189063,103.85555038366479
2016-07-04,102.6421316453192,105.53230562221833
2016-07-05,102.52185038539623,105.63776891737963
2016-07-06,102.65703140542963,106.36932405484329
2016-07-07,102.77637822106895,106.81131203394956
2016-07-08,102.66007415879352,106.18540110335759
2016-07-11,103.02193442809329,107.06692534806544
2016-07-12,103.13372071939948,107.7499002303923
2016-07-13,103.32787102827956,108.46528978764631
2016-07-14,103.32633588998219,108.22949352016688
2016-07-15,103.31587341131072,108.15340788044891
2016-07-18,103.27413524991786,107.81253225891918
2016-07-19,103.29882815635003,107.74692047944063
2016-07-20,103.26704342295155,107.36904054183591
2016-07-21,103.40489469993501,107.58147387166616
2016-07-22,103.17296308580428,106.66956528429337
2016-07-25,103.14117157466566,106.59002225066179
2016-07-26,103.43870036113059,107.86061215173123
2016-07-27,103.27487420742413,106.00127419373426
2016-07-28,103.30535775458767,106.05898871177834
2016-07-29,103.1632789283661,105.33823736573493
2016-08-01,103.203078395571,104.85408555568678
2016-08-02,103.26218614980596,105.27415117757563
2016-08-03,103.27578797358427,105.44237356878531
2016-08-04,103.33054384297067,105.62576962151525
2016-08-05,103.42620614244487,105.56202671614034
2016-08-08,103.5682796122579,106.0886344747217
2016-08-09,103.72716907008062,106.67474205121965
2016-08-10,103.86165676275279,106.83303482093879
2016-08-11,103.70254934863968,105.92079529532748
2016-08-12,103.93713024124295,106.84875086504732
2016-08-15,104.35389603449639,108.57060432350818
2016-08-16,104.43730958647517,108.91981266652355
2016-08-17,104.4142928951835,108.922149386736
2016-08-18,104.39646119949664,108.92834832206593
2016-08-19,104.33885158161245,108.90542702751749
2016-08-22,104.22826050696099,108.08645765117848
2016-08-23,104.26843439511795,108.35662081936715
2016-08-24,104.16263925475057,108.15992252704069
2016-08-25,103.98412296000015,107.46658442232379
2016-08-26,104.01718426680124,107.66449969834272
2016-08-29,104.03018908759773,107.63579805043588
2016-08-30,103.9867077317337,107.68460244631693
2016-08-31,103.94601500437793,107.72817729359315
2016-09-01,103.88101675072615,107.24487747725284
2016-09-02,103.91091839260469,107.23982005299888
2016-09-05,104.04403694035092,107.70442987008818
2016-09-06,104.20666144904351,108.48443911204062
2016-09-07,104.22915832843691,108.54856259119283
2016-09-08,104.28633320154653,108.71821133358223
2016-09-09,104.22523801450505,108.1824491043849
2016-09-12,103.80479955980071,106.02929218537369
2016-09-13,103.83963851511757,106.23696889552075
2016-09-14,103.8021872886108,105.87101694745667
2016-09-19,104.11324295243674,106.72980844622306
2016-09-20,104.15527942329106,106.73810935487002
2016-09-21,104.21017084558517,106.95795711273067
2016-09-22,104.31078255340151,107.37204072648359
2016-09-23,104.32608080241441,107.20166933549042
2016-09-26,104.1098952265429,105.62201970107242
2016-09-27,104.17995334209829,106.0941972800884
2016-09-28,104.11151095760825,105.84901148182355
2016-09-29,104.18975607258292,106.18807821518202
2016-09-30,104.23303389272505,106.43191649740598
2016-10-10,104.67353804739756,107.8788606935669
2016-10-11,104.7983701555184,108.57766840125853
2016-10-12,104.71488183786919,108.33530847997375
2016-10-13,104.66489212393782,108.23408328998272
2016-10-14,104.85618103190673,108.68950527622619
2016-10-17,104.90408461055132,108.38656589007158
2016-10-18,105.15473538349394,109.59129813057477
2016-10-19,105.17864504365502,109.70354933353657
2016-10-20,105.26371026652544,109.78212746713878
2016-10-21,105.24442403654281,109.66768888330529
2016-10-24,105.49388853053814,110.63491977199679
2016-10-25,105.49141782932408,110.87843856763881
2016-10-26,105.4771624931435,110.71815093398808
2016-10-27,105.35704914272175,110.39691209271652
2016-10-28,105.26918077500586,109.85612373091888
2016-10-31,105.24655518854098,109.8906796212606
2016-11-01,105.33863299225368,110.57734032986797
2016-11-02,105.23834945550819,110.22160522854799
2016-11-03,105.3258931529251,110.68229672906178
2016-11-04,105.28672378405422,110.50379723661223
2016-11-07,105.37096091597692,110.75117694646839
2016-11-08,105.43980559925528,111.00777111612277
2016-11-09,105.45335826090765,110.96239513441795
2016-11-10,105.60056957102817,111.79718492517401
2016-11-11,105.56989851336279,112.26329316894204
2016-11-14,105.35709181789461,112.25517307869461
2016-11-15,105.31326410825399,112.30118357737173
2016-11-16,105.39213146408832,112.53951251024361
2016-11-17,105.35802748543549,112.72080861823707
2016-11-18,105.2053871963803,112.2192113748723
2016-11-21,105.35991756140363,112.70826178444895
2016-11-22,105.54812645019939,113.48918692759953
2016-11-23,105.49252265661373,113.09587846890545
2016-11-24,105.47918528776894,112.9971481950455
2016-11-25,105.49036795768984,113.2876724087795
2016-11-28,105.72679256950349,114.01973002772141
2016-11-29,105.60771602954746,113.8735859682152
2016-11-30,105.39472151829872,113.52334669002184
2016-12-01,105.33173238809448,114.42438235440314
2016-12-02,105.04752845958751,113.27800879511226
2016-12-05,104.84085492116844,112.37231209699625
2016-12-06,104.538783608829,112.18728349644971
2016-12-07,104.63361909528413,112.7690260867789
2016-12-08,104.68744003025093,112.85534194501659
2016-12-09,104.62334380911554,112.81679230877748
2016-12-12,104.1133130227859,110.24700646013959
2016-12-13,104.02705286628833,110.7713029531709
2016-12-14,103.71666750228441,110.3264524568776
2016-12-15,103.0464851931311,109.77090211493147
2016-12-16,103.07830500012443,110.08273988288715
2016-12-19,102.89067844873591,110.02109983369066
2016-12-20,102.49114444242974,109.4916349141221
2016-12-21,102.82993533066265,110.43359900546068
2016-12-22,103.01880096168307,110.5047266152162
2016-12-23,103.08753715198498,109.84941070530687
2016-12-26,103.09255736856606,109.88467026148669
2016-12-27,103.20247081191074,109.87282203571651
2016-12-28,103.26217138479691,109.83800249192879
2016-12-29,103.41265629696012,109.8038524473891
2016-12-30,103.55285280756519,109.97497930221209
2017-01-03,103.71719395350074,110.68150682631097
2017-01-04,103.83117893054302,111.35516046934623
2017-01-05,103.96855351892853,111.88448411109586
2017-01-06,103.9037212849546,111.4882836156806
2017-01-09,104.00590366813664,111.80547067785456
2017-01-10,104.0841023001764,111.73803446446567
2017-01-11,103.98784926643981,110.80588099713961
2017-01-12,103.90509110187108,110.18443386135992
2017-01-13,103.89146786061265,109.60707874793312
2017-01-16,103.785071581554,108.57304255840457
2017-01-17,103.77579397136839,109.02442222278516
2017-01-18,103.7836543835482,109.22196760219671
2017-01-19,103.65136109889093,108.6361003387609
2017-01-20,103.73404775415702,109.26543642862458
2017-01-23,103.87962358170569,109.88394813413036
2017-01-24,103.85765094154506,109.88508607840282
2017-01-25,103.78434329600528,110.17826173262
2017-01-26,103.84526603063374,110.51585457067804
2017-02-03,103.64556895700538,110.14367278348034
2017-02-06,103.62466524277406,110.65228265070317
2017-02-07,103.42334742015275,110.62241326103681
2017-02-08,103.5502246414366,111.1849987143021
2017-02-09,103.64779613736526,111.55498240864293
2017-02-10,103.68964413059754,111.71406552124577
2017-02-13,103.81831189374249,112.27932565503791
2017-02-14,103.76036821136007,112.25037916386458
2017-02-15,103.67827653467447,111.6546664433358
2017-02-16,103.7575464552637,112.14730122947314
2017-02-17,103.61288271923803,111.30829002300243
2017-02-20,103.83366398002198,112.15953402969438
2017-02-21,103.87286251263335,112.59069714423701
2017-02-22,103.90697486194856,112.91906552566992
2017-02-23,103.87353021888303,112.69144396202041
2017-02-24,104.03543103931969,113.05077803507304
2017-02-27,103.97808803621356,112.44665644697827
2017-02-28,103.90207303710275,112.49404993784486
2017-03-01,103.9483913520283,112.82383441002868
2017-03-02,103.87185471322842,112.38395096726876
2017-03-03,103.79035660873468,112.07063491805815
2017-03-06,103.93426957342851,112.74776253437508
2017-03-07,103.90641130343575,112.81949540300853
2017-03-08,103.85730464431606,112.88951533302476
2017-03-09,103.69218644017243,112.24283787829705
2017-03-10,103.55552983683793,112.13407498613195
2017-03-13,103.65625457375629,112.67497423609552
2017-03-14,103.56410432176108,112.45926759605001
2017-03-15,103.68647081180112,112.70803346740624
2017-03-16,103.91039017131672,113.49288108321662
2017-03-17,103.87072467168676,112.97820972986045
2017-03-20,104.02585525670234,113.47501833460569
2017-03-21,103.99467767783356,113.63585388553767
2017-03-22,104.0019423466744,113.36893057644613
2017-03-23,103.99970347932843,113.43076654070703
2017-03-24,104.06046137616909,113.5634696849418
2017-03-27,103.96920526156606,113.19309938169238
2017-03-28,103.9962639000418,112.9508678410029
2017-03-29,103.98000490059727,112.73260903676939
2017-03-30,103.77284827203748,111.62819656842609
2017-03-31,103.81556020665461,111.90666553785873
2017-04-05,104.04378033152753,113.19318506341962
2017-04-06,104.01817430357912,113.39645256779951
2017-04-07,104.1067166544468,113.7437627989247
2017-04-10,104.10410754783688,113.32339911173067
2017-04-11,104.10193801603302,113.70465714067916
2017-04-12,104.15098439171959,113.49146551723435
2017-04-13,104.26250384675822,113.84596610847582
2017-04-14,104.20180784872237,113.28040917679336
2017-04-17,103.9943254484794,112.50467284360128
2017-04-18,103.83068597367728,111.92734886941605
2017-04-19,103.78092210514254,111.31755819559092
2017-04-20,103.76248041924345,111.3107484762752
2017-04-21,103.69463596585985,111.1938222622666
2017-04-24,103.43832291647455,109.70191507240882
2017-04-25,103.45352195882937,109.9232403551333
2017-04-26,103.48296666894865,110.0667242759106
2017-04-27,103.55107784409373,110.3398354535695
2017-04-28,103.52165560705319,110.44205972735269
2017-05-02,103.58397904650936,110.40176616601134
2017-05-03,103.45862970054334,110.1233407552574
2017-05-04,103.35347673345471,109.85088511351665
2017-05-05,103.17359400828255,109.00678134642594
2017-05-08,103.02117711696297,108.12014517191895
2017-05-09,102.9742955389192,108.33857256710155
2017-05-10,102.75432597910374,107.3700689002614
2017-05-11,102.71295861759778,107.19874472190934
2017-05-12,102.68052726297769,107.3863158146749
2017-05-15,102.83741267865602,107.76437878615506
2017-05-16,102.93803419925737,108.78375646926874
2017-05-17,102.99055478310062,108.84161671499852
2017-05-18,102.90594088644734,108.44207916751427
2017-05-19,102.88699447563907,108.43635791438805
2017-05-22,102.88564143803363,107.95486095816345
2017-05-23,102.76904423053487,107.06530221506598
2017-05-24,102.74591095231746,107.11615310491204
2017-05-25,102.86184290754224,107.85398993683741
2017-05-26,102.8408837479877,107.85840004181541
2017-05-31,102.76339704856099,107.6740355336246
2017-06-01,102.75299164125387,106.89189311580077
2017-06-02,102.82885370488066,107.22107153144506
2017-06-05,102.97274067284494,107.50531481213963
2017-06-06,103.0723142187719,107.85249778313326
2017-06-07,103.18319722656217,108.88430880657182
2017-06-08,103.26516093154716,109.07898006893497
2017-06-09,103.33731394586947,109.24276737504586
2017-06-12,103.41340107974995,108.78419229832129
2017-06-13,103.52589637768799,109.3883372241336
2017-06-14,103.57346208334546,109.13782234886109
2017-06-15,103.59740172074501,109.31040781777004
2017-06-16,103.63562953523137,109.2113703101247
2017-06-19,103.92525633885808,109.76819218833487
2017-06-20,103.97703689977725,109.72281797134839
2017-06-21,104.06433377886577,110.05124613270137
2017-06-22,103.95150683491397,109.47795290360136
2017-06-23,103.98572596011985,109.68397708713333
2017-06-26,104.22089022146545,110.54467778402457
2017-06-27,104.35684127956068,110.73935330691909
2017-06-28,104.30505215539102,110.30930527841778
2017-06-29,104.46070277536509,110.7548481815386
2017-06-30,104.44997361693859,110.83985649938994
2017-07-03,104.58685234084071,111.20000612117298
2017-07-04,104.43650283406645,110.75443239911822
2017-07-05,104.50103203631502,111.27068848571173
2017-07-06,104.57625971636189,111.47031829697274
2017-07-07,104.54439927920778,111.66476837286312
2017-07-10,104.68218615356848,111.71997228175354
2017-07-11,104.7319382845139,111.33696014140104
2017-07-12,104.7109477614522,111.24946259287094
2017-07-13,104.81982258606213,111.75782173353245
2017-07-14,104.77936200319733,111.59344042616803
2017-07-17,104.62216936864053,109.82790468623391
2017-07-18,104.65581903964387,110.4020839883456
2017-07-19,104.84832573811545,111.70361102602881
2017-07-20,104.91914319656553,112.01509379290755
2017-07-21,104.92913861918008,112.02784695403383
2017-07-24,104.90959373928072,112.18038167876239
2017-07-25,104.92244480174682,111.92789571903734
2017-07-26,104.78169182135701,111.87090401230486
2017-07-27,104.94151742049118,112.19914622216656
2017-07-28,104.87475494620332,112.32852445499135
2017-07-31,105.02699238943096,113.25354834048602
2017-08-01,105.054136658727,113.44450344023068
2017-08-02,104.94080381025583,113.09390019353809
2017-08-03,104.83390774118273,113.0214136729433
2017-08-04,104.95882826499923,113.03717867018275
2017-08-07,104.98727880060514,113.58642903981577
2017-08-08,105.13264461600464,113.91438497141446
2017-08-09,105.30697243841377,114.5528326209559
2017-08-10,105.31514001983146,114.16933087390512
2017-08-11,105.07742667870004,112.47854123953196
2017-08-14,105.25134120810795,113.43743222381957
2017-08-15,105.19467068168873,113.40834894058236
2017-08-16,105.19260135073156,113.34108335042697
2017-08-17,105.31334734860884,114.02551320626534
2017-08-18,105.3035091774218,113.83843390961958
2017-08-21,105.48025953966662,114.82716025775682
2017-08-22,105.61038857200171,115.25480108382786
2017-08-23,105.52378298817074,114.71149050779186
2017-08-24,105.3561049120483,113.96701031320843
2017-08-25,105.45155609378334,114.94183495808493
2017-08-28,105.57756517670032,115.70993834685117
2017-08-29,105.48540907453592,115.55736886054275
2017-08-30,105.39309467951976,115.66308827188179
2017-08-31,105.32539278080988,115.55290223794267
2017-09-01,105.5007972645497,116.29098555017102
2017-09-04,105.65109908379708,116.77823236692532
2017-09-05,105.60908722573839,116.59249892412609
2017-09-06,105.63330473791727,116.78846785206414
2017-09-07,105.57455930095685,116.19219467695301
2017-09-08,105.63097296746271,116.41495446753618
2017-09-11,105.64255161858114,116.62753574710096
2017-09-12,105.6570674221353,116.6513585869766
2017-09-13,105.6063588970082,116.76552025004034
2017-09-14,105.68850835424037,116.5903927311341
2017-09-15,105.70916326571853,116.05784097545546
2017-09-18,105.7866552542835,116.41444775580696
2017-09-19,105.73420188668376,116.10946185343971
2017-09-20,105.81480054023864,116.58987203721432
2017-09-21,105.74312164432251,116.06197087137386
2017-09-22,105.78062130067923,115.81858542360976
2017-09-25,105.71510355597395,115.16692338894366
2017-09-26,105.74796267538306,115.48702588804804
2017-09-27,105.75058790594518,115.78435161539187
2017-09-28,105.65273553665074,115.46036838999616
2017-09-29,105.73179369391757,115.83854923434329
2017-10-09,106.06137176198575,116.81332104600371
2017-10-10,106.19152214001366,117.17430664807075
2017-10-11,106.22650544368597,117.18352176299376
2017-10-12,106.26671663281664,117.2356060026273
2017-10-13,106.41216770110668,117.63850206014266
2017-10-16,106.3079619776781,117.0819855390962
2017-10-17,106.19383268439904,116.75930633251701
2017-10-18,106.24850193060666,116.74419059699261
2017-10-19,106.08952407066144,115.99492355930022
2017-10-20,106.18805748265194,116.51219200805694
2017-10-23,106.2507301592491,116.75499600391616
2017-10-24,106.2457850500075,116.8201377907908
2017-10-25,106.3474938801169,117.20133433962765
2017-10-26,106.33492294290201,117.45978024129093
2017-10-27,106.25605804068556,117.33297467889837
2017-10-30,105.9777845266487,116.34454278798381
2017-10-31,105.95225253707137,116.50831147770657
2017-11-01,106.02558792998175,116.7043683468606
2017-11-02,106.02845829183369,116.34168023902734
2017-11-03,105.99317482985948,115.92553267096389
2017-11-06,106.13049057291897,116.6654111752595
2017-11-07,106.30960709646435,117.55455886725044
2017-11-08,106.22911660526388,117.43652479501101
2017-11-09,106.41493175746291,118.12921290287252
2017-11-10,106.35354041548499,118.20139978790583
2017-11-13,106.24612979709977,118.28320899772278
2017-11-14,106.00917456900724,117.55566362494004
2017-11-15,106.0240906274442,117.2798217765504
2017-11-16,106.08952158835108,117.32642400154288
2017-11-17,105.96840498908561,116.34112747347083
2017-11-20,106.06060377983428,116.75453879283484
2017-11-21,106.11815719939084,117.16904561917411
2017-11-22,105.91682751370092,117.23487199892035
2017-11-23,105.59001385986053,115.5455398252095
2017-11-24,105.55797886213973,115.43818615668866
2017-11-27,105.31787331700073,114.2471611321497
2017-11-28,105.36434575650657,114.85245154135295
2017-11-29,105.29045440234262,114.90336387016791
2017-11-30,105.11492618171027,114.16672357326509
2017-12-01,105.19134964415771,114.36362628990324
2017-12-04,105.34555189226712,114.3655987891099
2017-12-05,105.29454883960771,113.6386131469999
2017-12-06,105.21974616833538,113.36726116307348
2017-12-07,105.16355530835216,112.92522805886817
2017-12-08,105.26761149402486,113.49955214672451
2017-12-11,105.42753400057214,114.3952019810089
2017-12-12,105.2597208434106,113.54816087335968
2017-12-13,105.35489926323676,114.10318175922987
2017-12-14,105.3315035696397,114.05061006253004
2017-12-15,105.29597514685918,113.53334288020798
2017-12-18,105.3725399266549,113.60625468376786
2017-12-19,105.41350068850508,114.07777093790202
2017-12-20,105.33998183615469,113.67918145119937
2017-12-21,105.34259564304122,113.97618335577036
2017-12-22,105.37535486179212,114.14999103390161
2017-12-25,105.40312503887708,113.79989538926768
2017-12-26,105.42855763157937,114.09850771302143
2017-12-27,105.33894008835532,113.68836226115933
2017-12-28,105.53768110478623,114.53519319434517
2017-12-29,105.49162027087735,114.49309186056063
2018-01-02,105.80766621632067,115.73912331354617
2018-01-03,105.98298460385635,116.50019961375446
2018-01-04,106.07474883315211,117.07183663349959
2018-01-05,106.16672592513747,117.20581983201488
2018-01-08,106.31036773305087,117.87403077651777
2018-01-09,106.39449703630466,118.00102623343423
2018-01-10,106.29583223085442,117.72363172807465
2018-01-11,106.22675715927873,117.60193778527848
2018-01-12,106.2481857429621,117.60965355590128
2018-01-15,106.14363364227218,116.51946305166503
2018-01-16,106.19555753460371,116.98861889900351
2018-01-17,106.1627693885282,116.86633886802638
2018-01-18,106.09493208704524,117.14201584900098
2018-01-19,106.12576498907178,117.30549509397783
2018-01-22,106.31326576231683,118.05186125325939
2018-01-23,106.43183826298423,118.66072856949425
2018-01-24,106.44431823321412,118.7331312750452
2018-01-25,106.6546616205268,119.27682057818696
2018-01-26,106.67605204565757,119.31328173218347
2018-01-29,106.57309246677133,118.49617566139703
2018-01-30,106.35352678855341,117.63877130056915
2018-01-31,106.4514541549207,117.3158794399204
2018-02-01,106.06444838441718,115.24281915191088
2018-02-02,106.189051336035,115.92138940965188
2018-02-05,106.0623028958225,115.68064398539093
2018-02-06,105.64129258776009,112.47208035890112
2018-02-07,105.52888414904153,111.50403521574597
2018-02-08,105.41343535307625,110.92151793044494
2018-02-09,104.78670612252134,107.44868045091225
2018-02-12,105.03622703616895,108.59096024018609
2018-02-13,105.13139069157089,109.11356338069393
2018-02-14,105.32830114083023,109.81895813922353
2018-02-22,105.74049703904673,111.47931346104625
2018-02-23,105.87840441768242,111.9892808584816
2018-02-26,106.21893649694047,113.22239501305393
2018-02-27,106.14039753671823,112.37879569314447
2018-02-28,106.06569114707618,111.89385183897542
2018-03-01,106.2362357713254,112.43110262454677
2018-03-02,106.28143636867978,112.16756975252937
2018-03-05,106.22798133192255,111.94837326335916
2018-03-06,106.34591026429968,112.74378358614652
2018-03-07,106.23845845337823,112.073246438816
2018-03-08,106.54575583534196,113.05772264816372
2018-03-09,106.585203462856,113.48639493843268
2018-03-12,106.73566350364597,114.37688460052524
2018-03-13,106.68888043631132,114.01075704902541
2018-03-14,106.66709860306469,113.81086811749668
2018-03-15,106.66457555307336,113.76900118830406
2018-03-16,106.65024119586666,113.2899378699066
2018-03-19,106.64221564143787,113.22541434175966
2018-03-20,106.74785903134895,113.56185753173087
2018-03-21,106.82286557225278,113.38676892471243
2018-03-22,106.7122808812627,112.75420312637272
2018-03-23,106.71449663729497,110.25785363509777
2018-03-26,106.8804365818765,110.527340623173
2018-03-27,107.09716704841074,111.8069812274486
2018-03-28,106.86708455133575,110.46769964988037
2018-03-29,106.79415130057517,110.96929947587064
2018-03-30,107.01288909535229,111.44201082197394
2018-04-02,107.23465634241609,111.6334938459725
2018-04-03,107.27158064338997,111.11582044615903
2018-04-04,107.4166941517475,111.1077084597557
2018-04-09,107.69007817783687,111.27351960601494
2018-04-10,107.72829476440606,112.07064183059437
2018-04-11,107.89612604469826,112.63823948825875
2018-04-12,107.8590749540847,112.15121748190533
2018-04-13,107.76184478894015,111.58914569627075
2018-04-16,107.69726830371378,110.69952316851597
2018-04-17,107.57918634427853,109.49862405139447
2018-04-18,107.94905528781923,109.71742197224926
2018-04-19,108.04392358397624,110.52236857925494
2018-04-20,107.86886151241089,109.20235832093765
2018-04-23,107.70411694525943,109.09209629189769
2018-04-24,107.8635657887173,110.36709373587279
2018-04-25,107.88056172164791,110.35045329277224
2018-04-26,107.62397775041038,109.12917528610635
2018-04-27,107.63432633953617,109.33565185074863
2018-05-02,107.64469993041932,109.29060495797269
2018-05-03,107.67862882396544,109.67863698575539
2018-05-04,107.7388801063839,109.80004862531337
2018-05-07,107.90040335337396,110.97491902883196
2018-05-08,107.94095121372192,111.54861094888275
2018-05-09,107.86813901020003,111.42781576075531
2018-05-10,108.0235855370437,112.03464001722357
2018-05-11,107.90967172775,111.60047085646549
2018-05-14,107.93389167731182,111.74174813680457
2018-05-15,107.91657924422707,112.23127170294036
2018-05-16,107.82348297299806,111.87407516280423
2018-05-17,107.71152993424936,111.54488161612521
2018-05-18,107.90669246092008,112.45598177801087
2018-05-21,108.04724513014395,113.05648416044991
2018-05-22,108.12835909526575,113.24526975230577
2018-05-23,108.01559404887533,112.13375524943191
2018-05-24,108.1360559949297,112.04210851369653
2018-05-25,108.13644783478907,111.60927706494779
2018-05-28,108.10928135418641,111.33083132684804
2018-05-29,108.03012800249864,110.77218891293047
2018-05-30,107.94764425347627,109.21279486526379
2018-05-31,108.08454432803967,110.4447546605739
2018-06-01,107.94521940886783,109.78668819232942
2018-06-04,107.95983012509703,109.87081343049138
2018-06-05,108.01887153515956,110.67445588333977
2018-06-06,108.13906633676096,111.04977528445043
2018-06-07,108.03910859251096,110.75448356677296
2018-06-08,107.68491808275587,109.45564166595932
2018-06-11,107.71501013562373,109.2736500249405
2018-06-12,107.84403866164169,110.10879382379277
2018-06-13,107.66562747842005,109.13130766234684
2018-06-14,107.58717009476855,108.79019127098597
2018-06-15,107.41675061661822,107.8439324307827
2018-06-19,106.89723480608563,104.1546983605787
2018-06-20,106.95186842780346,104.52807998413311
2018-06-21,106.75578735801348,103.42868617411183
2018-06-22,106.83731732425323,104.01000344451674
2018-06-25,106.75397897204579,103.34938683545309
2018-06-26,106.69229218427407,103.08028646366118
2018-06-27,106.58944572319027,102.29660672766192
2018-06-28,106.53917554794741,101.61817081948479
2018-06-29,106.98906955727401,103.34647013236147
2018-07-02,106.9020381185499,102.01959129283091
2018-07-03,106.90276427523627,102.1578247914906
2018-07-04,106.89764950636642,101.65121685103489
2018-07-05,106.81112092138278,100.51246117349532
2018-07-06,106.82690273353133,100.73492107193478
2018-07-09,107.10760375263779,102.31762245590564
2018-07-10,107.03483304185022,102.64481783375734
2018-07-11,106.72570623994284,101.1982102502316
2018-07-12,106.97124132085459,102.63600251842773
2018-07-13,106.99424656770427,102.81827606263789
2018-07-16,107.11970291940465,102.79466875202239
2018-07-17,107.02773610119536,102.40212398890276
2018-07-18,107.03672457973357,102.15107325371963
2018-07-19,107.05964332435336,101.76631452193025
2018-07-20,107.19336137295747,102.59207303189206
2018-07-23,107.2436974942179,103.17536519819228
2018-07-24,107.53784559133139,104.62517134190894
2018-07-25,107.71152105370734,104.80377940964208
2018-07-26,107.73924978270186,104.39382086102387
2018-07-27,107.76458890946617,104.19440091732753
2018-07-30,107.75328342433652,103.82810790525399
2018-07-31,107.92475398623924,103.97901473102951
2018-08-01,107.71445394147214,102.68931542333155
2018-08-02,107.48009098553621,101.24422430805392
2018-08-03,107.39501557629995,100.48366365332959
2018-08-06,107.46800288244143,99.54957430532963
2018-08-07,107.93348022402054,101.4890209567448
2018-08-08,107.97730853186616,100.9599406274341
2018-08-09,108.12989132215725,102.23304381394411
2018-08-10,108.08022615629649,102.27853801954785
2018-08-13,107.92958147532975,102.1737419562995
2018-08-14,107.8751147799786,102.00576797490304
2018-08-15,107.53577868605568,100.39114630882679
2018-08-16,107.37031998605924,99.84934919361514
2018-08-17,107.06004766466657,98.712346405318
2018-08-20,107.19287473180108,99.444044459008
2018-08-21,107.43795723030112,100.54179363423597
2018-08-22,107.43215381671772,100.06351739174406
2018-08-23,107.46475674824181,100.24654143006104
2018-08-24,107.48448381560125,100.13642612194063
2018-08-27,107.80166438322286,101.65732884036174
2018-08-28,107.81170686231593,101.69726194128927
2018-08-29,107.73798756955941,101.33643970601001
2018-08-30,107.64510102564569,100.45982062782987
2018-08-31,107.56727607863195,99.89111434912792
2018-09-03,107.48844187334899,99.61877117186914
2018-09-04,107.63895890637487,100.2982987902489
2018-09-05,107.48313267029023,99.27093547610399
2018-09-06,107.56535131717224,99.16418248938244
2018-09-07,107.65697862418318,99.52429970482555
2018-09-10,107.47199826199298,98.42511822516003
2018-09-11,107.52182345471746,98.42993436617692
2018-09-12,107.32047053553555,97.94089762665696
2018-09-13,107.45956905202544,98.68839879209528
2018-09-14,107.51641169090236,98.62201430420427
2018-09-17,107.36862844606736,97.6130151464937
2018-09-18,107.53965704939921,98.79308081988924
2018-09-19,107.78768211930243,99.76612807065028
2018-09-20,107.70212205151759,99.65346582062642
2018-09-21,107.9931440322703,101.06667333527054
2018-09-25,108.02499686356961,100.79507275099728
2018-09-26,108.25363196310187,101.45818312554611
2018-09-27,108.21920080436507,100.99495423995128
2018-09-28,108.34209012440259,101.5796400297498
2018-10-08,107.98997887130797,99.0199461304355
2018-10-09,108.2829265836166,99.57702993355134
2018-10-10,108.4012156099236,99.75373749080865
2018-10-11,107.80446051458163,95.8584042300915
2018-10-12,108.05218969517811,96.38965887794183
2018-10-15,107.93596826360657,95.40754615434408
2018-10-16,107.70197497058373,94.34418051489172
2018-10-17,107.75958720722198,94.62986395918483
2018-10-18,107.37188492759975,92.54586720188897
2018-10-19,107.69187514836227,94.00456090877822
2018-10-22,108.21473863022948,96.74427741450302
2018-10-23,107.9996104484754,95.32216804832166
2018-10-24,107.9409349007557,95.20314741210635
2018-10-25,107.94717360444758,95.002907677766
2018-10-26,107.82148800693602,94.80265729939356
2018-10-29,107.564590472482,93.38350879309768
2018-10-30,107.55702895202941,93.59940385711802
2018-10-31,107.81829881310252,94.68579533573273
2018-11-01,108.06835684200394,95.19078931283887
2018-11-02,108.39306455203686,97.01600125001701
2018-11-05,108.37367654439083,96.82167169973677
2018-11-06,108.41943292317302,96.70045885466233
2018-11-07,108.50370673098703,96.5610676957221
2018-11-08,108.423929366808,96.20389541807613
2018-11-09,108.1869604804333,95.32965959047108
2018-11-12,108.39436250626562,96.31800916923592
2018-11-13,108.56031638646154,97.08405751853331
2018-11-14,108.51675136539336,96.59288386380558
2018-11-15,108.80040978970575,97.55458724240344
2018-11-16,108.98552990819188,97.77863378237106
2018-11-19,109.085059507434,98.18489850695218
2018-11-20,108.8782789251674,96.86239868123573
2018-11-21,108.99310098971708,97.10209048912806
2018-11-22,108.97219261162037,96.96491915994622
2018-11-23,108.57023520279552,94.93455397677766
2018-11-26,108.53537768652808,94.74254079571574
2018-11-27,108.54273041807343,94.8849921441551
2018-11-28,108.77814693426613,95.66333979262134
2018-11-29,108.74592799892898,94.95717308095004
2018-11-30,108.89045865437453,95.52395037585862
2018-12-03,109.33740021498137,97.38239705559633
2018-12-04,109.44246824172956,97.76589470121301
2018-12-05,109.43796573063058,97.38325046738142
2018-12-06,109.1093029967023,96.06552592818214
2018-12-07,108.99280434298572,95.93998373055616
2018-12-10,108.95467229506379,95.43017174230503
2018-12-11,109.06347627819525,95.78953752552567
2018-12-12,109.12689329776137,95.94804125446001
2018-12-13,109.20021861762959,96.66575490118244
2018-12-14,108.82331757593579,95.32545532944648
2018-12-17,108.73256493173129,95.26225810548254
2018-12-18,108.65298695848162,94.87586452675625
2018-12-19,108.53346135061419,94.09287688614954
2018-12-20,108.49884946419952,93.83233957031814
2018-12-21,108.40612326307735,93.36224615318628
2018-12-24,108.48127346469201,93.72219592257981
2018-12-25,108.46677965017034,93.26824505207028
2018-12-26,108.44826025993245,93.05239398169964
2018-12-27,108.33239902668042,92.47666760940902
2018-12-28,108.569027547272,92.86751407320885
2019-01-02,108.46480294648038,91.98950576401171
2019-01-03,108.5585368980685,91.8944004345148
2019-01-04,108.92302194219283,93.1468124264021
2019-01-07,109.15398996061549,93.87006770450111
2019-01-08,109.18677165336955,93.6658957186831
2019-01-09,109.36470203885811,94.12312048837998
2019-01-10,109.39020978451744,94.08240444463027
2019-01-11,109.4809853092152,94.63771986307256
2019-01-14,109.27447806113229,94.15003303673886
2019-01-15,109.55739876361086,95.1598226056173
2019-01-16,109.63140273027332,95.0970589334899
2019-01-17,109.61030204098164,94.85281421205109
2019-01-18,109.85313256272475,95.7282786348299
2019-01-21,109.99056653348931,96.13439428738351
2019-01-22,109.76778457174878,95.28563797661181
2019-01-23,109.75518137152427,95.36342480870988
2019-01-24,109.81803549486257,95.5096319298623
2019-01-25,109.81653041218745,95.52640438057122
2019-01-28,109.88166688087364,95.50184133636364
2019-01-29,109.83028739843108,95.13440472112478
2019-01-30,109.80822869476867,94.58229823149095
2019-01-31,109.92268855517358,94.56296512639301
2019-02-01,110.18133338946339,95.670881917305
2019-02-11,110.6624333447604,97.06517355707687
2019-02-12,110.8720314529391,97.75672889685852
2019-02-13,111.19997971160001,99.18601033528599
2019-02-14,111.14246433584827,99.11327457997905
2019-02-15,111.05188991333551,98.61008927387486
2019-02-18,111.49182086240957,100.56414809622247
2019-02-19,111.4551382918098,100.41744459079214
2019-02-20,111.51702587124221,100.71392866284764
2019-02-21,111.59966746399634,100.6739624771045
2019-02-22,111.76448249424466,101.64207193204702
2019-02-25,112.1756466544648,104.72499097890868
2019-02-26,111.93522058128254,104.34386137850393
2019-02-27,111.98160542673546,104.62600489755256
2019-02-28,111.92309277022936,104.43289880666123
2019-03-01,112.10076032724172,105.41754666476328
2019-03-04,112.27785904988139,106.37818934978911
2019-03-05,112.42003178322679,107.36473482072005
2019-03-06,112.6177434234397,108.54796963721805
2019-03-07,112.6025534452596,108.61855358817559
2019-03-08,112.08571381914064,105.27807402528721
2019-03-11,112.58005831295164,107.47762675738319
2019-03-12,112.82929615311555,108.70879099739952
2019-03-13,112.5406007233817,107.41211981938012
2019-03-14,112.25231242562931,106.18632795872762
2019-03-15,112.36850818248834,106.97965725368222
2019-03-18,112.83522350710275,109.10635548712828
2019-03-19,112.81403413193716,109.0619131733338
2019-03-20,112.75017980665815,108.89835071284533
2019-03-21,112.87983254572909,109.35524109106376
2019-03-22,112.8707231036097,109.35698344380683
2019-03-25,112.65367418884611,108.01013616228428
2019-03-26,112.53098355978494,106.8349853261078
2019-03-27,112.67828598627727,107.4871307542472
2019-03-28,112.56721428006308,106.81115981495246
2019-03-29,112.87980284881934,108.72212121375784
2019-04-01,113.25186265452585,110.95656810361108
2019-04-02,113.20246134207135,111.1413063724423
2019-04-03,113.31762858614334,111.91682258224058
2019-04-04,113.32590387251118,112.53742361466459
2019-04-08,113.23838056925398,112.65301376363044
2019-04-09,113.31561259789203,112.65088081541485
2019-04-10,113.45031448185729,112.83757330651305
2019-04-11,113.17585376055833,111.27853964247147
2019-04-12,113.1354521609261,111.22669875250706
2019-04-15,113.00769292584701,110.7639522320929
2019-04-16,113.21822608692361,112.39680246754962
2019-04-17,113.1932433090243,112.58928502252495
2019-04-18,113.1081534867013,112.2268682071049
2019-04-19,113.3419254007241,113.00282881342423
2019-04-22,113.3437808259285,112.35755725839091
2019-04-23,113.1042974761591,111.39389576113776
2019-04-24,113.11973568017402,111.74547309307887
2019-04-25,112.77446196777173,109.57949295968952
2019-04-26,112.62707318274006,108.61634466553028
2019-04-29,112.56745623611435,107.61483797310238
2019-04-30,112.64591020947287,107.9870376554573
2019-05-06,112.03820053133154,103.48803442053485
2019-05-07,112.28700009580643,104.28144906287513
2019-05-08,112.30579162724578,103.82742378444479
2019-05-09,112.11557747450789,102.69333477318435
2019-05-10,112.59574019782181,104.87720986053155
2019-05-13,112.59726928093801,104.31918189902805
2019-05-14,112.56626341522664,104.00999190587052
2019-05-15,112.93914574524368,105.50077585714499
2019-05-16,113.0936377820054,106.09752393124086
2019-05-17,112.6056956891278,103.85414539046364
2019-05-20,112.37884978240074,103.03043375391232
2019-05-21,112.6037491462307,104.12543330183179
2019-05-22,112.43926286613599,103.66602476457128
2019-05-23,112.04642775436501,102.2004803426272
2019-05-24,112.04443688105967,102.02899890858707
2019-05-27,112.28729546024397,103.21391520452418
2019-05-28,112.47919126631851,103.80312145109613
2019-05-29,112.61288508507631,103.92629753096665
2019-05-30,112.46618148923709,103.6842241903154
2019-05-31,112.56330480000088,103.74753823297308
2019-06-03,112.62778475420842,103.52608583604173
2019-06-04,112.63332148492333,102.94344041400817
2019-06-05,112.72993903000126,103.13118515058557
2019-06-06,112.3172519552695,101.84258061542305
2019-06-10,112.57774677136926,102.72700529947798
2019-06-11,113.00015295542624,104.77849017074867
2019-06-12,112.96663514527457,104.56934185394925
2019-06-13,113.0642954861327,104.75366924324464
2019-06-14,112.94944266297493,104.02453237768587
2019-06-17,112.95708612183705,103.95230025504776
2019-06-18,113.05081015609264,104.14151264217637
2019-06-19,113.24674726732655,104.85666056956032
2019-06-20,113.68526255277406,106.51535122550149
2019-06-21,113.91349068509074,107.17278979867359
2019-06-24,114.0138095893467,107.4073052418456
2019-06-25,114.16135480238701,107.33104126678181
2019-06-26,113.99974505258434,106.89727785040857
2019-06-27,114.23311263974678,107.57498530875651
2019-06-28,114.23015538783807,107.28871312271299
2019-07-01,114.53482039545536,108.79196376701456
2019-07-02,114.71164171828619,109.0744354710151
2019-07-03,114.7032382701812,108.58304379281954
2019-07-04,114.59446091157392,108.1098729934119
2019-07-05,114.7981091052521,108.63401097889486
2019-07-08,114.40833362553869,106.64253379359228
2019-07-09,114.24283925509819,106.37655692481339
2019-07-10,114.17431724764685,105.97916299624872
2019-07-11,114.42461776508819,106.53389079091046
2019-07-12,114.43219954375832,106.70134359681384
2019-07-15,114.6209963084139,107.19127158409178
2019-07-16,114.60935256080951,107.18615211875628
2019-07-17,114.49683073626473,106.93688501774072
2019-07-18,114.38082408454488,106.2142023024291
2019-07-19,114.64221042751117,107.01103785583004
2019-07-22,114.36204136923122,105.69103225648398
2019-07-23,114.39603199887934,105.96731324634601
2019-07-24,114.60700903204861,106.65983896280164
2019-07-25,114.65117487181284,106.8263962416618
2019-07-26,114.60607566013728,106.82738568728713
2019-07-29,114.60612994361831,106.84144294169529
2019-07-30,114.75995561361816,107.28680443140533
2019-07-31,114.70153630553635,106.83581946489109
2019-08-01,114.41459916112156,106.01798685061767
2019-08-02,114.30338784719297,105.13423508059691
2019-08-05,114.36572669385714,104.54706155558497
2019-08-06,114.16791935022228,103.29306158108345
2019-08-07,114.27477444840135,103.47165502140278
2019-08-08,114.42897874296366,104.01968611883352
2019-08-09,114.27609020185182,103.20508885080922
2019-08-12,114.49020157849354,104.04400260283771
2019-08-13,114.60776377157462,104.00785036848086
2019-08-14,114.59048953291251,104.14973510674746
2019-08-15,114.80092916458997,104.63721413532328
2019-08-16,114.85301287065313,104.87101151966792
2019-08-19,115.18694919795453,106.2886324566472
2019-08-20,115.33164169045224,106.59293672852841
2019-08-21,115.27947370106281,106.46082758283346
2019-08-22,115.33709897964222,106.58967914058441
2019-08-23,115.44868017822982,106.82377098836966
2019-08-26,115.45621635867562,106.36732851970136
2019-08-27,115.63261411260362,107.3509947338283
2019-08-28,115.58894910844522,107.15627811001286
2019-08-29,115.66445754099051,107.24929461665734
2019-08-30,115.52747158695603,106.87246837802576
2019-09-02,115.7081149858667,107.80521360046218
2019-09-03,115.74265587035863,108.00769426800976
2019-09-04,115.93983668304028,108.69213320510947
2019-09-05,115.99808284998072,109.10776013305458
2019-09-06,115.94748360073419,109.10294623207568
2019-09-09,116.09543135693994,109.82039393488598
2019-09-10,116.23139272831526,110.19173959934008
2019-09-11,116.05481940117512,109.53709438647927
2019-09-12,116.04797511766859,109.84601324937975
2019-09-16,116.24179120626184,110.16937863691496
2019-09-17,115.95183003338394,108.75405652297077
2019-09-18,115.92288198357772,108.77666795618926
2019-09-19,115.87769830812071,108.96295670752207
2019-09-20,115.89964736946288,109.11699440566498
2019-09-23,115.68620132553245,108.21734483270893
2019-09-24,115.70712539428874,108.39755422206643
2019-09-25,115.47606862757122,107.43113662417024
2019-09-26,115.03751606685316,105.93774486537593
2019-09-27,114.97557470255715,105.96511481456072
2019-09-30,114.89996995093468,105.4694036123672
2019-10-08,115.17751783844108,105.88531407587271
2019-10-09,115.32028007816444,106.28925699158265
2019-10-10,115.5145600799119,106.97402915548989
2019-10-11,115.69934951665795,107.55895242778925
2019-10-14,115.76045715886669,108.07197310604863
2019-10-15,115.66157743489252,107.57861308823662
2019-10-16,115.60187028434189,107.17153441486846
2019-10-17,115.6732410032657,107.2732741186609
2019-10-18,115.47856713084168,106.33850675505863
2019-10-21,115.57125477959238,106.36496843592622
2019-10-22,115.58443993939606,106.63978562861682
2019-10-23,115.46541401946662,106.14924113420952
2019-10-24,115.37601989160167,105.91949176776619
2019-10-25,115.5503435565144,106.53910354402221
2019-10-28,115.8098830903829,107.54264538177236
2019-10-29,115.67358072405307,106.91655029441338
2019-10-30,115.5129945210752,106.42161812811335
2019-10-31,115.50086227972487,106.23144611493274
2019-11-01,115.69219223843234,106.91504099278433
2019-11-04,115.896184500342,107.45826278443037
2019-11-05,116.01581305113666,107.7268427905739
2019-11-06,115.88438715013294,107.21156187831772
2019-11-07,115.9328616481722,107.34615721565281
2019-11-08,115.8508396222673,106.96886762147561
2019-11-11,114.99940267280542,105.23935521352821
2019-11-12,115.06251967004621,105.3252236010111
2019-11-13,115.11651119635732,105.35539642032322
2019-11-14,114.9526200915807,105.34453453596375
2019-11-15,114.61119570438503,104.62134290513076
2019-11-18,114.86422993392138,105.13423678640892
2019-11-19,115.35848432259942,106.095496154078
2019-11-20,115.57944999729123,105.9883428249109
2019-11-21,115.34227806535044,105.74278532931099
2019-11-22,115.17657560935555,105.3728406364893
2019-11-25,115.41477487078878,105.87420365886051
2019-11-26,115.43658681470642,105.98807023941185
2019-11-27,115.10407221801185,105.63480011259814
2019-11-28,114.9992813060725,105.32730567300487
2019-11-29,114.70930454307499,104.67784061754082
2019-12-02,114.73938185298739,104.68959579440703
2019-12-03,114.91726969325053,104.8895699258896
2019-12-04,115.11246731501114,105.04890859891813
2019-12-05,115.31088572115782,105.45694744223144
2019-12-06,115.57653420595612,105.87685504842949
2019-12-09,115.63983736178368,105.96118686644611
2019-12-10,115.72633727716696,106.07313502657301
2019-12-11,115.82182784264452,106.15198190595572
2019-12-12,115.77528696609191,105.99440553890886
2019-12-13,116.25434376716142,107.00903193487541
2019-12-16,116.52365234597775,107.5484267063868
2019-12-17,116.990880029108,108.55297007337195
2019-12-18,116.81685825514457,108.35620889370378
2019-12-19,116.8887941763779,108.5394592817697
2019-12-20,116.8001661007631,108.14840066735391
2019-12-23,116.4659478876231,107.25475875572646
2019-12-24,116.69756941658589,107.94523885164087
2019-12-25,116.72034396283576,107.95983639507243
2019-12-26,116.99976480074072,108.46920283800384
2019-12-27,117.33733009905636,108.82024918040327
2019-12-30,117.63911984126318,109.57423243327872
2019-12-31,117.89567288804825,110.06802498472739
2020-01-02,118.37719069780144,111.08886166813696
2020-01-03,118.44604835616408,111.33361716508041
2020-01-06,118.6912056549404,111.87042403455105
2020-01-07,118.9408874048931,112.22922329276042
2020-01-08,118.77492393736627,111.68286954180051
2020-01-09,118.7779994723417,111.93563939059399
2020-01-10,118.73087402444655,111.69894203612944
2020-01-13,118.93933742739063,112.27540547718395
2020-01-14,118.91207396816135,112.41753426848892
2020-01-15,118.68721933143944,111.87071355008193
2020-01-16,118.53815229765303,111.46730804591891
2020-01-17,118.7366580831987,111.57369047926913
2020-01-20,118.7810909314261,111.90690066730751
2020-01-21,118.07537492134857,110.69684015122594
2020-01-22,118.04165206153927,110.68124921865865
2020-01-23,116.96623241251172,108.29058303017894
2020-02-03,113.69456178213657,102.0424244583546
2020-02-04,114.70405226614302,103.35701244466304
2020-02-05,115.45174615448832,104.84303144192204
2020-02-06,116.52377696655311,106.68030824263295
2020-02-07,116.68273267022191,107.00314367688351
2020-02-10,116.98750123157615,107.79548638665857
2020-02-11,116.90892163549708,107.71526913659063
2020-02-12,117.20987285462311,108.5883145784794
2020-02-13,117.12207685143721,108.20378624711718
2020-02-14,117.0554007880547,108.36193854232232
2020-02-17,117.44173090003696,110.13335648010339
2020-02-18,117.52918607178431,110.36537607914218
2020-02-19,117.34064079840583,110.05486244637781
2020-02-20,117.39289223456642,111.17869909600608
2020-02-21,117.54843335901674,111.79576458241417
2020-02-24,117.70133903776525,111.93313611864
2020-02-25,117.80587313623224,111.48000968535227
2020-02-26,117.6024139393736,110.41509491379517
2020-02-27,117.62451376412419,110.73104509535048
2020-02-28,117.11150745124147,107.41627583362157
2020-03-02,117.67993139808223,109.99880465777774
2020-03-03,117.75681096906716,110.7200026526137
2020-03-04,117.76074598935655,111.17529175702734
2020-03-05,117.86015394809762,112.77278559546554
2020-03-06,117.77528794867813,112.05650257379294
2020-03-09,117.38404670827715,109.2107614494301
2020-03-10,117.4771971481742,110.25705033786788
2020-03-11,117.3097489168663,109.58114134893594
2020-03-12,116.72776004775993,107.52065519121605
2020-03-13,116.39522832032603,106.12453863050095
2020-03-16,115.90110116639127,103.35324270179633
2020-03-17,115.88428239160176,102.79020845984121
2020-03-18,115.46807637416111,101.35342506439649
2020-03-19,115.34310032176174,100.63003258801986
2020-03-20,115.87512221322346,102.36136936712947
2020-03-23,115.5591018405841,100.22474848124708
2020-03-24,116.05486544047032,102.59939583978873
2020-03-25,116.5054585860249,104.37788885949169
2020-03-26,116.41114821113032,103.92944217277196
2020-03-27,116.47989799136857,104.1364287828016
2020-03-30,116.24122851764731,103.14303807409433
2020-03-31,116.2877674134998,103.65347338490218
2020-04-01,116.10549721926304,103.09727650709435
2020-04-02,116.32477959840854,104.19452062280384
2020-04-03,116.20463561966685,103.93456167813113
2020-04-07,117.19653228319704,106.47800192380667
2020-04-08,117.50763436159582,106.39028763362992
2020-04-09,117.90355960177317,107.13665447006106
2020-04-10,117.62760040976387,106.19015287976785
2020-04-13,117.59321312002984,105.96582826845835
2020-04-14,117.8007739248629,107.41492060793902
2020-04-15,117.75417642935271,106.8947983465816
2020-04-16,117.69745487538832,106.97326001872712
2020-04-17,117.71999197841025,107.01760131671361
2020-04-20,117.79200769170785,107.44927163649147
2020-04-21,117.67688283300362,106.73181883233558
2020-04-22,117.82248356608704,107.44436876677446
2020-04-23,117.93389690344216,107.64148806938272
2020-04-24,117.81460253620921,106.92238585416422
2020-04-27,117.87918927251286,106.79937368968866
2020-04-28,117.63549069528523,106.30934804415443
2020-04-29,117.72755602421006,106.2550734373404
2020-04-30,117.93309381624448,107.10095011007877
2020-05-06,117.89889306470766,107.65460270702816
2020-05-07,117.64579633181353,107.44824298019371
2020-05-08,117.77315538461302,108.23642501981384
2020-05-11,117.74154470689643,108.08912177567902
2020-05-12,117.5331824738165,107.89367213897707
2020-05-13,117.47208878983935,108.14538513043513
2020-05-14,117.34711852531552,107.45867231162798
2020-05-15,117.44892348902268,107.51836118158313
2020-05-18,117.42764572650563,108.36931774693666
2020-05-19,117.54359711095425,108.67109332459417
2020-05-20,117.5613415881682,108.35800027502565
2020-05-21,117.42059344010762,107.76007101038499
2020-05-22,117.48998194364721,106.09000592830068
2020-05-25,117.32725195675778,106.18935702499608
2020-05-26,117.3407196170795,107.17884753542259
2020-05-27,117.14042695358759,106.57236741559277
2020-05-28,117.10845295320154,106.61126462630088
2020-05-29,117.20874552224154,107.02662641670997
2020-06-01,117.36155663644358,108.8772934544383
2020-06-02,117.07213955780648,108.94625059784761
2020-06-03,116.91819041437874,109.02280846673358
2020-06-04,116.68981186200662,108.87233238734095
2020-06-05,116.50989213597039,109.0028721518205
2020-06-08,116.60422511452981,109.31092719225019
2020-06-09,116.68009443024492,109.74304498309617
2020-06-10,116.69598539172881,109.65350685574289
2020-06-11,116.83824354462193,109.05481675082638
2020-06-12,116.85228541260734,108.9362312130407
2020-06-15,116.91191985893387,108.25641157338369
2020-06-16,116.99011624805506,109.55766714544373
2020-06-17,117.02956478011937,109.93862372768916
2020-06-18,117.06340919860607,110.2570004884242
2020-06-19,117.02854442397359,110.91629116465442
2020-06-22,117.10531581535434,111.10717410192035
2020-06-23,116.91645982646692,111.36084793567153
2020-06-24,116.9648597550896,111.5020685072754
2020-06-29,117.06291083506939,111.1335531778599
2020-06-30,117.16960560676021,111.82808858240882
2020-07-01,117.17905768988122,112.77298875951627
2020-07-02,117.19795182491217,114.06813379868188
2020-07-03,117.26229495697693,115.28860876994993
2020-07-06,117.19461014332539,118.82291728791867
2020-07-07,117.10655064535405,119.30063204224251
2020-07-08,117.328227703275,121.00857092350779
2020-07-09,117.63201232042819,123.21789237033262
2020-07-10,117.29170581925983,121.47328374857105
2020-07-13,117.47083054319127,123.86181720190987
2020-07-14,117.64301603006844,123.5162227629401
2020-07-15,117.49463859644945,122.29709373005939
2020-07-16,117.23518343790286,118.01712357433559
2020-07-17,117.36863922446841,118.61239029952486
2020-07-20,117.90270993059895,121.22158010323196
2020-07-21,118.12608377778923,121.87354044387516
2020-07-22,118.38653779383901,122.37121661318471
2020-07-23,118.53393974236556,122.52147232000323
2020-07-24,118.47438990465295,119.25229477645884
2020-07-27,118.7889169859556,120.12324311511429
2020-07-28,118.50874597246542,120.57740207205714
2020-07-29,118.60792194827371,122.04173523668635
2020-07-30,118.51240742789425,121.8184769501175
2020-07-31,118.63333099226496,122.60838680862183
2020-08-03,118.91737868975416,124.16375839529472
2020-08-04,118.80333554933532,124.07745740909843
2020-08-05,118.98492759734285,124.88167501400913
2020-08-06,119.16234638449981,124.98981164271154
2020-08-07,119.06344442735148,123.95974354339188
2020-08-10,119.06161049204597,123.99508644506629
2020-08-11,118.71137980196143,122.76813199600976
2020-08-12,118.34603037164302,121.5491298557187
2020-08-13,118.5564891713366,121.96611726502869
2020-08-14,118.58299593247119,122.67031483782407
2020-08-17,118.85799212140473,124.4929768300953
2020-08-18,119.15703553372352,125.51783251758988
2020-08-19,119.01076959692578,124.85333820831592
2020-08-20,118.61485768443237,123.39682027713823
2020-08-21,118.69604562408205,123.81226780483969
2020-08-24,118.95487408040306,124.70571736872805
2020-08-25,118.74274069268434,124.1162904331104
2020-08-26,118.64062844128844,123.21250313975642
2020-08-27,118.67016719431496,123.67719700804018
2020-08-28,118.9379037465518,125.0624911667507
2020-08-31,119.07304009344581,125.34116254705805
2020-09-01,119.20108792356909,125.96759353355492
2020-09-02,119.05662809862025,125.62393561203878
2020-09-03,118.88528307490583,125.03202651802556
2020-09-04,118.7454156381846,124.35640771936664
2020-09-07,118.40976659240286,122.76501372023279
2020-09-08,118.5469659741027,123.16722396540256
2020-09-09,118.04908421507079,121.05802995084873
2020-09-10,117.99917191264326,120.29693620348768
2020-09-11,118.1761244409388,121.07894900124498
2020-09-14,118.3730039723919,121.86038069424157
2020-09-15,118.57846431274352,122.46377682399947
2020-09-16,118.44286156835939,121.8841669643798
2020-09-17,118.20532831612809,121.15531640284505
2020-09-18,118.62287852386773,122.78824391867238
2020-09-21,118.49643485363916,122.12084555322458
2020-09-22,118.1938053306786,120.70218378815349
2020-09-23,118.17625421787538,120.78124072456443
2020-09-24,117.73856219001493,118.75704063725607
2020-09-25,117.73721084617289,118.70489371163397
2020-09-28,117.76012706405348,118.5577961706135
2020-09-29,117.77778786338548,118.84468416188983
2020-09-30,117.82277227044062,118.83313789125918
2020-10-09,118.6047609702577,121.1541677936356
2020-10-12,119.26258449416602,123.71077629920447
2020-10-13,119.31217786644291,123.89922397850309
2020-10-14,119.22608013827258,123.45434443727883
2020-10-15,119.06932187681922,122.92003375262928
2020-10-16,119.19748704570894,123.0519479658801
2020-10-19,119.14008336323225,122.56479727503438
2020-10-20,119.30712455788637,123.15412368896979
2020-10-21,119.36703372216535,123.033464257988
2020-10-22,119.25912985627998,122.45173118211898
2020-10-23,118.93183979807185,121.17350180242748
2020-10-26,119.01071937021979,121.08557162504141
2020-10-27,119.12338909675229,121.39881753897595
2020-10-28,119.20521399365444,121.8276647384511
2020-10-29,119.20566976973733,121.78125976506277
2020-10-30,118.87368067257758,120.20596722248986
2020-11-02,119.01292762097442,120.72761615245594
2020-11-03,119.48059270466318,122.41012395028572
2020-11-04,119.54416872827262,122.55746281851026
2020-11-05,119.8385451598277,123.93831589763253
2020-11-06,119.7847882855382,123.81482458297886
2020-11-09,120.04427455435633,125.3223750969698
2020-11-10,119.80171351723313,124.5110699713168
2020-11-11,119.72056359175333,124.0718914113865
2020-11-12,119.66339081977455,124.13448505085003
2020-11-13,119.45676928795538,123.60005437300889
2020-11-16,119.7969412676268,125.18070763777914
2020-11-17,119.66769594351167,124.68526709806747
2020-11-18,119.55812344002696,124.67627913966201
2020-11-19,119.53019277903287,124.78493049592099
2020-11-20,119.65073149036101,125.60779273012844
2020-11-23,119.96495485904033,126.8047860277925
