时间,SV,Market
2016-03-29,100.0,100.0
2016-03-30,97.53107277577668,102.20589281263723
2016-03-31,97.2640459472975,102.35542995123981
2016-04-01,96.70252683395165,102.41842098694059
2016-04-05,94.97926762858715,103.57043869591426
2016-04-06,94.52367853239524,103.70147723826315
2016-04-07,95.66643284671574,102.68050860289557
2016-04-08,97.11044269484493,102.42688056649858
2016-04-11,95.62278986033176,103.86645840162838
2016-04-12,95.57596531796018,103.70690778093503
2016-04-13,94.23360786229202,105.05249240353565
2016-04-14,93.35511775865139,105.45033475281886
2016-04-15,93.40982115505629,105.25978597392267
2016-04-18,94.4971752674305,104.27473159283589
2016-04-19,94.85324420081139,104.66991615939571
2016-04-20,97.53926305702417,102.26188874447033
2016-04-21,98.21857902276724,102.30522470090068
2016-04-22,97.14861212570818,102.08905021026906
2016-04-25,96.71214322923615,101.59742510387129
2016-04-26,95.78923493789473,102.19211513794801
2016-04-27,96.99134881592482,102.14650825290785
2016-04-28,97.15791683836544,101.83494796394041
2016-04-29,97.25621946211784,101.89595863388014
2016-05-03,96.01120389836912,103.73816288519903
2016-05-04,96.10569689430154,103.4780322339087
2016-05-05,95.76723833726464,103.67558437707262
2016-05-06,98.4902262190834,101.04550732228348
2016-05-09,101.66909813990523,98.73371318210845
2016-05-10,101.93252942927484,98.73437107334935
2016-05-11,102.46483418406744,99.04537117218213
2016-05-12,102.40959913866851,98.86635146157847
2016-05-13,103.01228991697766,98.54603011896462
2016-05-16,102.4022602983717,99.57732904394477
2016-05-17,101.70993721753409,99.5115399314657
2016-05-18,103.81242379091337,98.04596951113157
2016-05-19,103.07967417478532,98.04837293397316
2016-05-20,102.13923307734612,98.4558155590752
2016-05-23,101.29387264052691,98.96203811659598
2016-05-24,102.12590293229891,98.3187053544343
2016-05-25,102.17461924094466,98.18458545679182
2016-05-26,101.64364264315276,98.5771925674916
2016-05-27,102.07403573506701,98.48564393993064
2016-05-30,102.38497777876321,98.3624635616887
2016-05-31,99.68355474986814,100.69987912700891
2016-06-01,99.08202054062514,100.83159685333362
2016-06-02,98.56959853327308,101.25082280150646
2016-06-03,98.61689862092652,101.66132230633731
2016-06-06,99.28690536944552,101.98920156650611
2016-06-07,99.2226552586267,102.05638214575437
2016-06-08,99.5974020260845,101.87330839899798
2016-06-13,103.62369051484603,99.66912484088978
2016-06-14,103.3804185341683,99.69709458615826
2016-06-15,101.9798048057053,101.24292242771527
2016-06-16,103.43075777273083,101.22726808405416
2016-06-17,102.08745386101069,101.5045870038241
2016-06-20,101.98393342747569,101.63248457985826
2016-06-21,102.26627199924691,101.1351009028201
2016-06-22,100.72388030927473,101.9362470661196
2016-06-23,101.06506598521163,101.74771284200352
2016-06-24,103.20663248397793,101.30150868394583
2016-06-27,100.98274932632303,102.62963827661295
2016-06-28,100.18460269152168,103.17919737087303
2016-06-29,100.10911952318129,103.49120426587974
2016-06-30,100.20578094639406,103.6701937301517
2016-07-01,100.22386938411564,103.85555038366479
2016-07-04,100.62668602887743,105.53230562221833
2016-07-05,100.95877763031976,105.63776891737963
2016-07-06,101.46103434013611,106.36932405484329
2016-07-07,101.6210957515346,106.81131203394956
2016-07-08,101.66399283338612,106.18540110335759
2016-07-11,101.48082687635073,107.06692534806544
2016-07-12,102.30820955491518,107.7499002303923
2016-07-13,102.2102711313545,108.46528978764631
2016-07-14,102.3341619372022,108.22949352016688
2016-07-15,102.46440379790826,108.15340788044891
2016-07-18,102.55532693359146,107.81253225891918
2016-07-19,102.41294761225667,107.74692047944063
2016-07-20,102.60040009615261,107.36904054183591
2016-07-21,102.90991761881685,107.58147387166616
2016-07-22,102.6957569356816,106.66956528429337
2016-07-25,102.88939122225034,106.59002225066179
2016-07-26,103.40591882288268,107.86061215173123
2016-07-27,102.6591341645543,106.00127419373426
2016-07-28,103.07045936417143,106.05898871177834
2016-07-29,103.03887136279906,105.33823736573493
2016-08-01,102.37710466680238,104.85408555568678
2016-08-02,102.66127811784875,105.27415117757563
2016-08-03,102.77366347597507,105.44237356878531
2016-08-04,102.85446247604342,105.62576962151525
2016-08-05,102.82876931010634,105.56202671614034
2016-08-08,103.23568403062376,106.0886344747217
2016-08-09,103.66288077310605,106.67474205121965
2016-08-10,103.36264432987514,106.83303482093879
2016-08-11,103.31001726602445,105.92079529532748
2016-08-12,103.93020666336821,106.84875086504732
2016-08-15,104.84966757228027,108.57060432350818
2016-08-16,104.62056652134054,108.91981266652355
2016-08-17,104.70163354527378,108.922149386736
2016-08-18,104.69071301756834,108.92834832206593
2016-08-19,104.83080710412864,108.90542702751749
2016-08-22,104.64775569788974,108.08645765117848
2016-08-23,104.88265851622387,108.35662081936715
2016-08-24,104.82568389777309,108.15992252704069
2016-08-25,104.68486144104052,107.46658442232379
2016-08-26,104.91938686991008,107.66449969834272
2016-08-29,105.01682353301929,107.63579805043588
2016-08-30,104.94818077880197,107.68460244631693
2016-08-31,105.17306740013514,107.72817729359315
2016-09-01,104.96898262549404,107.24487747725284
2016-09-02,104.98627892563445,107.23982005299888
2016-09-05,105.02398538743563,107.70442987008818
2016-09-06,105.46310052168802,108.48443911204062
2016-09-07,105.50840467862793,108.54856259119283
2016-09-08,105.52182413946906,108.71821133358223
2016-09-09,105.33947860564493,108.1824491043849
2016-09-12,104.62334644107449,106.02929218537369
2016-09-13,104.61515312688381,106.23696889552075
2016-09-14,104.46377372296855,105.87101694745667
2016-09-19,104.74869701407054,106.72980844622306
2016-09-20,104.56653319263707,106.73810935487002
2016-09-21,104.64107975893924,106.95795711273067
2016-09-22,104.96787964524077,107.37204072648359
2016-09-23,104.82199929860379,107.20166933549042
2016-09-26,103.93251526174798,105.62201970107242
2016-09-27,104.26591684935194,106.0941972800884
2016-09-28,104.24376390053756,105.84901148182355
2016-09-29,104.24681448021724,106.18807821518202
2016-09-30,104.33145537588298,106.43191649740598
2016-10-10,104.91353386605886,107.8788606935669
2016-10-11,104.9816143600943,108.57766840125853
2016-10-12,105.02624717932385,108.33530847997375
2016-10-13,105.26138698494081,108.23408328998272
2016-10-14,105.12311767361709,108.68950527622619
2016-10-17,104.75910799391015,108.38656589007158
2016-10-18,105.23692841350577,109.59129813057477
2016-10-19,105.19894723918175,109.70354933353657
2016-10-20,105.15636814091825,109.78212746713878
2016-10-21,105.24404834916588,109.66768888330529
2016-10-24,105.36609286212841,110.63491977199679
2016-10-25,105.38499671042128,110.87843856763881
2016-10-26,105.21688945915153,110.71815093398808
2016-10-27,105.18122422251086,110.39691209271652
2016-10-28,105.0019566727219,109.85612373091888
2016-10-31,104.99559246331056,109.8906796212606
2016-11-01,105.36477209977005,110.57734032986797
2016-11-02,105.22103408617167,110.22160522854799
2016-11-03,105.43446542403423,110.68229672906178
2016-11-04,105.27793659064761,110.50379723661223
2016-11-07,105.07391741314814,110.75117694646839
2016-11-08,105.28511443474684,111.00777111612277
2016-11-09,105.05636225296269,110.96239513441795
2016-11-10,105.29082751300163,111.79718492517401
2016-11-11,105.19811811318549,112.26329316894204
2016-11-14,105.36344582480481,112.25517307869461
2016-11-15,105.49181096260003,112.30118357737173
2016-11-16,105.27748885944659,112.53951251024361
2016-11-17,105.2775422334856,112.72080861823707
2016-11-18,105.08743343325257,112.2192113748723
2016-11-21,105.22272947775144,112.70826178444895
2016-11-22,105.26029538464807,113.48918692759953
2016-11-23,105.32523435548092,113.09587846890545
2016-11-24,105.31227087701727,112.9971481950455
2016-11-25,105.54339060250584,113.2876724087795
2016-11-28,105.49476325464452,114.01973002772141
2016-11-29,105.74183359348748,113.8735859682152
2016-11-30,105.36768754846173,113.52334669002184
2016-12-01,105.12100663746114,114.42438235440314
2016-12-02,104.7169946145131,113.27800879511226
2016-12-05,104.14020080655683,112.37231209699625
2016-12-06,103.92273529739936,112.18728349644971
2016-12-07,104.07089597695406,112.7690260867789
2016-12-08,103.97654883706453,112.85534194501659
2016-12-09,104.10452897903988,112.81679230877748
2016-12-12,102.91463517375124,110.24700646013959
2016-12-13,102.55338870566173,110.7713029531709
2016-12-14,102.25973016606342,110.3264524568776
2016-12-15,101.601999950799,109.77090211493147
2016-12-16,101.68664404867909,110.08273988288715
2016-12-19,101.46214892571656,110.02109983369066
2016-12-20,101.29186821377836,109.4916349141221
2016-12-21,101.66781062026813,110.43359900546068
2016-12-22,101.87721226973348,110.5047266152162
2016-12-23,101.70365970464378,109.84941070530687
2016-12-26,102.06149227971922,109.88467026148669
2016-12-27,102.10071278234636,109.87282203571651
2016-12-28,101.9528618967515,109.83800249192879
2016-12-29,102.05600502014904,109.8038524473891
2016-12-30,102.35775589742084,109.97497930221209
2017-01-03,102.76010077669085,110.68150682631097
2017-01-04,102.85971259448459,111.35516046934623
2017-01-05,102.69603878542438,111.88448411109586
2017-01-06,102.64116558511435,111.4882836156806
2017-01-09,102.89549189016807,111.80547067785456
2017-01-10,102.863464799664,111.73803446446567
2017-01-11,103.14825912683068,110.80588099713961
2017-01-12,103.0336456525028,110.18443386135992
2017-01-13,103.31696222020676,109.60707874793312
2017-01-16,103.22942454820996,108.57304255840457
2017-01-17,103.08544326158426,109.02442222278516
2017-01-18,103.15897513523173,109.22196760219671
2017-01-19,103.36532981823903,108.6361003387609
2017-01-20,103.30207601022221,109.26543642862458
2017-01-23,103.11622900611299,109.88394813413036
2017-01-24,102.99235312256233,109.88508607840282
2017-01-25,103.19579547579607,110.17826173262
2017-01-26,103.24543853783159,110.51585457067804
2017-02-03,103.01866644155604,110.14367278348034
2017-02-06,103.06026183704759,110.65228265070317
2017-02-07,102.63245008195628,110.62241326103681
2017-02-08,102.8573430141964,111.1849987143021
2017-02-09,103.00354421004887,111.55498240864293
2017-02-10,103.02385963516673,111.71406552124577
2017-02-13,103.1426343894019,112.27932565503791
2017-02-14,103.06843210765489,112.25037916386458
2017-02-15,103.56590831880553,111.6546664433358
2017-02-16,103.42874618533884,112.14730122947314
2017-02-17,103.61954967985658,111.30829002300243
2017-02-20,103.92355546433268,112.15953402969438
2017-02-21,103.69258903004395,112.59069714423701
2017-02-22,103.86921680117204,112.91906552566992
2017-02-23,103.90932582485262,112.69144396202041
2017-02-24,103.98434263620551,113.05077803507304
2017-02-27,103.98554068263417,112.44665644697827
2017-02-28,103.79744360301677,112.49404993784486
2017-03-01,103.84168666394493,112.82383441002868
2017-03-02,103.87141301424751,112.38395096726876
2017-03-03,104.11839080086757,112.07063491805815
2017-03-06,104.07471629397035,112.74776253437508
2017-03-07,104.38802139180916,112.81949540300853
2017-03-08,104.49507188170311,112.88951533302476
2017-03-09,104.4908664754716,112.24283787829705
2017-03-10,104.47841129187883,112.13407498613195
2017-03-13,104.54349699827618,112.67497423609552
2017-03-14,104.58056790031964,112.45926759605001
2017-03-15,104.61709358245533,112.70803346740624
2017-03-16,104.8929098022247,113.49288108321662
2017-03-17,105.03110673896468,112.97820972986045
2017-03-20,104.98092971842902,113.47501833460569
2017-03-21,105.2535628155437,113.63585388553767
2017-03-22,105.0572220665267,113.36893057644613
2017-03-23,105.17434902839452,113.43076654070703
2017-03-24,105.50712950803114,113.5634696849418
2017-03-27,105.23731737805895,113.19309938169238
2017-03-28,105.46607486630076,112.9508678410029
2017-03-29,105.39193621219407,112.73260903676939
2017-03-30,105.52778774741076,111.62819656842609
2017-03-31,105.50866890578257,111.90666553785873
2017-04-05,105.75494226136408,113.19318506341962
2017-04-06,105.71646917609323,113.39645256779951
2017-04-07,105.41040215025828,113.7437627989247
2017-04-10,105.52446897922923,113.32339911173067
2017-04-11,105.30187313953043,113.70465714067916
2017-04-12,105.90522082769316,113.49146551723435
2017-04-13,105.65761986524625,113.84596610847582
2017-04-14,105.92773960639256,113.28040917679336
2017-04-17,106.06014615018431,112.50467284360128
2017-04-18,106.00011916039361,111.92734886941605
2017-04-19,106.33609879137616,111.31755819559092
2017-04-20,106.67986423208129,111.3107484762752
2017-04-21,106.49040248594608,111.1938222622666
2017-04-24,107.04485489232422,109.70191507240882
2017-04-25,107.60203387168636,109.9232403551333
2017-04-26,107.80597458068513,110.0667242759106
2017-04-27,107.63440397855275,110.3398354535695
2017-04-28,107.26661465090885,110.44205972735269
2017-05-02,107.01629228071803,110.40176616601134
2017-05-03,107.01312056219831,110.1233407552574
2017-05-04,106.92681278508691,109.85088511351665
2017-05-05,107.3455386953259,109.00678134642594
2017-05-08,107.66188590179257,108.12014517191895
2017-05-09,107.6667421326358,108.33857256710155
2017-05-10,108.14057914387575,107.3700689002614
2017-05-11,108.65723496289735,107.19874472190934
2017-05-12,108.82885901654511,107.3863158146749
2017-05-15,108.99394469178634,107.76437878615506
2017-05-16,108.43399408205492,108.78375646926874
2017-05-17,108.02430639374303,108.84161671499852
2017-05-18,107.86259740538145,108.44207916751427
2017-05-19,107.8177580420633,108.43635791438805
2017-05-22,108.41909326258514,107.95486095816345
2017-05-23,109.41594967455424,107.06530221506598
2017-05-24,109.1948870827951,107.11615310491204
2017-05-25,109.1444261491386,107.85398993683741
2017-05-26,109.35392616099983,107.85840004181541
2017-05-31,110.03794500939021,107.6740355336246
2017-06-01,111.00652951967685,106.89189311580077
2017-06-02,110.7127057098705,107.22107153144506
2017-06-05,110.44761553144392,107.50531481213963
2017-06-06,110.63094424247394,107.85249778313326
2017-06-07,110.13851792365597,108.88430880657182
2017-06-08,110.41871958424294,109.07898006893497
2017-06-09,110.23766181127192,109.24276737504586
2017-06-12,110.62665957540017,108.78419229832129
2017-06-13,110.47295199291365,109.3883372241336
2017-06-14,110.46696437207922,109.13782234886109
2017-06-15,109.7814310731942,109.31040781777004
2017-06-16,109.79951819600764,109.2113703101247
2017-06-19,110.23669926871118,109.76819218833487
2017-06-20,110.34047279733986,109.72281797134839
2017-06-21,110.56951896824332,110.05124613270137
2017-06-22,111.06023629546087,109.47795290360136
2017-06-23,111.12101566177095,109.68397708713333
2017-06-26,111.07669706453352,110.54467778402457
2017-06-27,111.1116541592472,110.73935330691909
2017-06-28,111.17564022767962,110.30930527841778
2017-06-29,111.37067711541337,110.7548481815386
2017-06-30,111.21629617920283,110.83985649938994
2017-07-03,110.60298672664844,111.20000612117298
2017-07-04,110.2482316149231,110.75443239911822
2017-07-05,110.26019435252492,111.27068848571173
2017-07-06,110.10540358668575,111.47031829697274
2017-07-07,109.61819237823944,111.66476837286312
2017-07-10,109.69795195759286,111.71997228175354
2017-07-11,110.68865257032007,111.33696014140104
2017-07-12,110.67194221597634,111.24946259287094
2017-07-13,110.65998613312466,111.75782173353245
2017-07-14,110.56348001879573,111.59344042616803
2017-07-17,110.0091079482273,109.82790468623391
2017-07-18,109.90385691488139,110.4020839883456
2017-07-19,109.92086230486531,111.70361102602881
2017-07-20,110.15442116104275,112.01509379290755
2017-07-21,110.07695289525641,112.02784695403383
2017-07-24,110.22229543161974,112.18038167876239
2017-07-25,110.25485625999814,111.92789571903734
2017-07-26,109.8847231298243,111.87090401230486
2017-07-27,110.345015777682,112.19914622216656
2017-07-28,110.35456959866544,112.32852445499135
2017-07-31,110.33653028267601,113.25354834048602
2017-08-01,110.58331797371753,113.44450344023068
2017-08-02,110.37635658895519,113.09390019353809
2017-08-03,110.0762966203119,113.0214136729433
2017-08-04,110.08926429849373,113.03717867018275
2017-08-07,110.339375495132,113.58642903981577
2017-08-08,110.73170383868482,113.91438497141446
2017-08-09,110.76900020455686,114.5528326209559
2017-08-10,110.86214134790757,114.16933087390512
2017-08-11,110.78168732829381,112.47854123953196
2017-08-14,111.15103146044612,113.43743222381957
2017-08-15,111.1487326583152,113.40834894058236
2017-08-16,111.09258092982269,113.34108335042697
2017-08-17,111.08123661991564,114.02551320626534
2017-08-18,111.09895401881442,113.83843390961958
2017-08-21,110.71045706234075,114.82716025775682
2017-08-22,110.46008001263439,115.25480108382786
2017-08-23,110.5313792532622,114.71149050779186
2017-08-24,110.59937833662103,113.96701031320843
2017-08-25,110.54722930383139,114.94183495808493
2017-08-28,110.7103474239893,115.70993834685117
2017-08-29,110.67232774606268,115.55736886054275
2017-08-30,110.49078394169005,115.66308827188179
2017-08-31,110.54522764314825,115.55290223794267
2017-09-01,110.43399377651649,116.29098555017102
2017-09-04,110.60026150622835,116.77823236692532
2017-09-05,110.79723299947601,116.59249892412609
2017-09-06,110.67001924461066,116.78846785206414
2017-09-07,110.71150912013601,116.19219467695301
2017-09-08,110.70069811252365,116.41495446753618
2017-09-11,110.84110817507462,116.62753574710096
2017-09-12,110.76887304639173,116.6513585869766
2017-09-13,110.89515692381484,116.76552025004034
2017-09-14,111.13770390610279,116.5903927311341
2017-09-15,111.58577470908631,116.05784097545546
2017-09-18,111.72975642280845,116.41444775580696
2017-09-19,111.63193486074508,116.10946185343971
2017-09-20,111.7189204228798,116.58987203721432
2017-09-21,111.51332835929935,116.06197087137386
2017-09-22,111.60436040525047,115.81858542360976
2017-09-25,111.86794346402284,115.16692338894366
2017-09-26,111.52065332190402,115.48702588804804
2017-09-27,111.35179585079263,115.78435161539187
2017-09-28,111.44353872680483,115.46036838999616
2017-09-29,111.58456375450669,115.83854923434329
2017-10-09,112.03533028083837,116.81332104600371
2017-10-10,112.57538924459902,117.17430664807075
2017-10-11,112.8126495373166,117.18352176299376
2017-10-12,112.86183436595525,117.2356060026273
2017-10-13,113.08948709585702,117.63850206014266
2017-10-16,112.94677419482721,117.0819855390962
2017-10-17,112.77429919936372,116.75930633251701
2017-10-18,113.03061777966168,116.74419059699261
2017-10-19,112.94083982883672,115.99492355930022
2017-10-20,113.05658742213969,116.51219200805694
2017-10-23,113.21802604706197,116.75499600391616
2017-10-24,113.35428638846896,116.8201377907908
2017-10-25,113.60959600021016,117.20133433962765
2017-10-26,113.54928973699472,117.45978024129093
2017-10-27,113.45176844141285,117.33297467889837
2017-10-30,112.82847485883481,116.34454278798381
2017-10-31,112.8417955663017,116.50831147770657
2017-11-01,112.82939912527401,116.7043683468606
2017-11-02,112.7627308794492,116.34168023902734
2017-11-03,112.71241242870882,115.92553267096389
2017-11-06,113.0856463564869,116.6654111752595
2017-11-07,113.12454368264635,117.55455886725044
2017-11-08,113.09353865365537,117.43652479501101
2017-11-09,113.23817559248681,118.12921290287252
2017-11-10,113.51064307946179,118.20139978790583
2017-11-13,113.27877046275128,118.28320899772278
2017-11-14,112.86164021078633,117.55566362494004
2017-11-15,112.92562324571966,117.2798217765504
2017-11-16,113.2286578773353,117.32642400154288
2017-11-17,112.90926636328618,116.34112747347083
2017-11-20,113.01109885524616,116.75453879283484
2017-11-21,113.32031837075351,117.16904561917411
2017-11-22,113.11324805393208,117.23487199892035
2017-11-23,112.08026636837359,115.5455398252095
2017-11-24,112.05018079435175,115.43818615668866
2017-11-27,111.64699569992429,114.2471611321497
2017-11-28,111.8332475957381,114.85245154135295
2017-11-29,111.77337346656917,114.90336387016791
2017-11-30,111.28750872421864,114.16672357326509
2017-12-01,111.43302522678144,114.36362628990324
2017-12-04,111.47406471653447,114.3655987891099
2017-12-05,111.34684616796997,113.6386131469999
2017-12-06,111.06948118691236,113.36726116307348
2017-12-07,111.18228443192334,112.92522805886817
2017-12-08,111.46240719077376,113.49955214672451
2017-12-11,112.07575030227497,114.3952019810089
2017-12-12,111.743496522344,113.54816087335968
2017-12-13,112.14368709493002,114.10318175922987
2017-12-14,112.22849617620399,114.05061006253004
2017-12-15,112.18664770935094,113.53334288020798
2017-12-18,112.09258531806594,113.60625468376786
2017-12-19,112.35381202269797,114.07777093790202
2017-12-20,112.28717159305594,113.67918145119937
2017-12-21,112.54348734358489,113.97618335577036
2017-12-22,112.51622422462387,114.14999103390161
2017-12-25,112.66198880538307,113.79989538926768
2017-12-26,112.69547717502519,114.09850771302143
2017-12-27,112.19622789720536,113.68836226115933
2017-12-28,112.96972303187111,114.53519319434517
2017-12-29,113.0623889874939,114.49309186056063
2018-01-02,113.31896424415551,115.73912331354617
2018-01-03,113.66947596913279,116.50019961375446
2018-01-04,113.62425164113219,117.07183663349959
2018-01-05,113.79283621023335,117.20581983201488
2018-01-08,114.03298479169652,117.87403077651777
2018-01-09,114.28390446534218,118.00102623343423
2018-01-10,114.10231494897376,117.72363172807465
2018-01-11,114.16792450250452,117.60193778527848
2018-01-12,114.38976377089169,117.60965355590128
2018-01-15,114.97435688763503,116.51946305166503
2018-01-16,115.1953796051824,116.98861889900351
2018-01-17,115.0805658485367,116.86633886802638
2018-01-18,114.84131455249968,117.14201584900098
2018-01-19,114.75834051499383,117.30549509397783
2018-01-22,114.72053241192637,118.05186125325939
2018-01-23,114.5661026820775,118.66072856949425
2018-01-24,114.41876812791705,118.7331312750452
2018-01-25,114.47938583828012,119.27682057818696
2018-01-26,114.51002468492185,119.31328173218347
2018-01-29,114.02661060242696,118.49617566139703
2018-01-30,114.06580689097035,117.63877130056915
2018-01-31,114.7107746509409,117.3158794399204
2018-02-01,115.13504750130919,115.24281915191088
2018-02-02,113.8267348260956,115.92138940965188
2018-02-05,113.36044110247592,115.68064398539093
2018-02-06,114.73913974292107,112.47208035890112
2018-02-07,115.15936219711324,111.50403521574597
2018-02-08,115.65923516499308,110.92151793044494
2018-02-09,116.92694336016025,107.44868045091225
2018-02-12,116.86174520946322,108.59096024018609
2018-02-13,116.84497112697927,109.11356338069393
2018-02-14,116.85701849233396,109.81895813922353
2018-02-22,116.61763721242251,111.47931346104625
2018-02-23,116.35555484890898,111.9892808584816
2018-02-26,116.37066879493625,113.22239501305393
2018-02-27,117.19375939339143,112.37879569314447
2018-02-28,117.20871724440656,111.89385183897542
2018-03-01,117.50939053643373,112.43110262454677
2018-03-02,118.06185193116289,112.16756975252937
2018-03-05,118.24959815400659,111.94837326335916
2018-03-06,117.66070112543585,112.74378358614652
2018-03-07,118.21802608368108,112.073246438816
2018-03-08,118.67887297591857,113.05772264816372
2018-03-09,118.67901369096305,113.48639493843268
2018-03-12,118.29391209229574,114.37688460052524
2018-03-13,118.3480796689967,114.01075704902541
2018-03-14,118.14629230161546,113.81086811749668
2018-03-15,118.1203605087369,113.76900118830406
2018-03-16,118.59199692462717,113.2899378699066
2018-03-19,118.9962331374754,113.22541434175966
2018-03-20,118.84763330761659,113.56185753173087
2018-03-21,119.20772745110051,113.38676892471243
2018-03-22,119.02364586383631,112.75420312637272
2018-03-23,120.71827071078157,110.25785363509777
2018-03-26,121.13585151547568,110.527340623173
2018-03-27,121.09411315999824,111.8069812274486
2018-03-28,121.54742606979224,110.46769964988037
2018-03-29,120.60530488424239,110.96929947587064
2018-03-30,120.99283916805435,111.44201082197394
2018-04-02,121.52171386130073,111.6334938459725
2018-04-03,122.00492989990104,111.11582044615903
2018-04-04,122.3826500223652,111.1077084597557
2018-04-09,122.68436900173842,111.27351960601494
2018-04-10,122.09581463186707,112.07064183059437
2018-04-11,122.25350573276074,112.63823948825875
2018-04-12,122.48093153689953,112.15121748190533
2018-04-13,122.43461710410544,111.58914569627075
2018-04-16,123.03844738439184,110.69952316851597
2018-04-17,123.51858335217952,109.49862405139447
2018-04-18,123.54481528920263,109.71742197224926
2018-04-19,123.00073988726881,110.52236857925494
2018-04-20,123.47027289521834,109.20235832093765
2018-04-23,122.08279331598327,109.09209629189769
2018-04-24,122.36722440630341,110.36709373587279
2018-04-25,122.5043346365757,110.35045329277224
2018-04-26,122.2238574368496,109.12917528610635
2018-04-27,122.14556739930937,109.33565185074863
2018-05-02,122.45721164406145,109.29060495797269
2018-05-03,122.29717407309208,109.67863698575539
2018-05-04,122.21195496885852,109.80004862531337
2018-05-07,122.42771715393292,110.97491902883196
2018-05-08,122.63301833200757,111.54861094888275
2018-05-09,122.54565040568575,111.42781576075531
2018-05-10,122.66774362906372,112.03464001722357
2018-05-11,122.66918245373269,111.60047085646549
2018-05-14,122.87481543772512,111.74174813680457
2018-05-15,122.7774201744245,112.23127170294036
2018-05-16,122.76994349788457,111.87407516280423
2018-05-17,122.22236011387922,111.54488161612521
2018-05-18,121.69297889678718,112.45598177801087
2018-05-21,121.6625711197499,113.05648416044991
2018-05-22,121.9438325626791,113.24526975230577
2018-05-23,122.4826319415923,112.13375524943191
2018-05-24,122.44434291064184,112.04210851369653
2018-05-25,123.04567528403756,111.60927706494779
2018-05-28,123.35618572874985,111.33083132684804
2018-05-29,122.95325243342224,110.77218891293047
2018-05-30,123.66561255514952,109.21279486526379
2018-05-31,123.97824954816505,110.4447546605739
2018-06-01,123.40089973583265,109.78668819232942
2018-06-04,123.70623696951509,109.87081343049138
2018-06-05,123.92327613262609,110.67445588333977
2018-06-06,124.25822036707747,111.04977528445043
2018-06-07,123.99919053715043,110.75448356677296
2018-06-08,123.87310400154092,109.45564166595932
2018-06-11,124.02151105942205,109.2736500249405
2018-06-12,124.07449614091422,110.10879382379277
2018-06-13,124.02880585743203,109.13130766234684
2018-06-14,123.7331952006611,108.79019127098597
2018-06-15,123.362285374976,107.8439324307827
2018-06-19,123.13806059865419,104.1546983605787
2018-06-20,123.41013728535766,104.52807998413311
2018-06-21,123.0987634065063,103.42868617411183
2018-06-22,123.06957971712112,104.01000344451674
2018-06-25,123.07450033814165,103.34938683545309
2018-06-26,122.86047339155873,103.08028646366118
2018-06-27,122.05504242827124,102.29660672766192
2018-06-28,121.62377116162719,101.61817081948479
2018-06-29,122.25410997633344,103.34647013236147
2018-07-02,122.4326718585236,102.01959129283091
2018-07-03,122.0405698479029,102.1578247914906
2018-07-04,122.32744091223844,101.65121685103489
2018-07-05,122.54577685739885,100.51246117349532
2018-07-06,122.66124699270713,100.73492107193478
2018-07-09,123.03330126071401,102.31762245590564
2018-07-10,122.71617973005333,102.64481783375734
2018-07-11,122.74666894867998,101.1982102502316
2018-07-12,122.9734311301816,102.63600251842773
2018-07-13,123.2072988114603,102.81827606263789
2018-07-16,123.10227364574264,102.79466875202239
2018-07-17,123.04072701643524,102.40212398890276
2018-07-18,123.30654062254085,102.15107325371963
2018-07-19,123.02419840293466,101.76631452193025
2018-07-20,123.27401556238284,102.59207303189206
2018-07-23,122.75127229420355,103.17536519819228
2018-07-24,120.75373691211169,104.62517134190894
2018-07-25,120.8832227613599,104.80377940964208
2018-07-26,120.99934315864374,104.39382086102387
2018-07-27,121.22119402220271,104.19440091732753
2018-07-30,120.5688759221603,103.82810790525399
2018-07-31,120.58796361209025,103.97901473102951
2018-08-01,122.26364383107627,102.68931542333155
2018-08-02,123.56541893143253,101.24422430805392
2018-08-03,122.74586438757082,100.48366365332959
2018-08-06,122.63693398570388,99.54957430532963
2018-08-07,119.79135702527712,101.4890209567448
2018-08-08,119.13845017965004,100.9599406274341
2018-08-09,118.97044695367572,102.23304381394411
2018-08-10,119.41774079424034,102.27853801954785
2018-08-13,119.13020782381356,102.1737419562995
2018-08-14,118.56445511860518,102.00576797490304
2018-08-15,119.51001011214619,100.39114630882679
2018-08-16,119.82788935088064,99.84934919361514
2018-08-17,120.00993020114575,98.712346405318
2018-08-20,118.31790675070741,99.444044459008
2018-08-21,118.71092619805611,100.54179363423597
2018-08-22,119.29744383127216,100.06351739174406
2018-08-23,119.51752252054264,100.24654143006104
2018-08-24,119.74432306098804,100.13642612194063
2018-08-27,119.2594517066391,101.65732884036174
2018-08-28,118.82295612264448,101.69726194128927
2018-08-29,119.22515667167433,101.33643970601001
2018-08-30,120.43596655583396,100.45982062782987
2018-08-31,120.59590325858336,99.89111434912792
2018-09-03,120.919428442692,99.61877117186914
2018-09-04,120.15626184621794,100.2982987902489
2018-09-05,120.93264032343552,99.27093547610399
2018-09-06,120.08065873043041,99.16418248938244
2018-09-07,119.90286191243209,99.52429970482555
2018-09-10,120.77396994632493,98.42511822516003
2018-09-11,120.93212729000354,98.42993436617692
2018-09-12,120.38207292035008,97.94089762665696
2018-09-13,118.46178803068943,98.68839879209528
2018-09-14,118.98405114728175,98.62201430420427
2018-09-17,120.17330246499071,97.6130151464937
2018-09-18,119.3801718131874,98.79308081988924
2018-09-19,118.26957939983562,99.76612807065028
2018-09-20,118.26662066525535,99.65346582062642
2018-09-21,117.88352967825743,101.06667333527054
2018-09-25,118.00345421930791,100.79507275099728
2018-09-26,117.89577346490108,101.45818312554611
2018-09-27,118.88370220996778,100.99495423995128
2018-09-28,118.38403499611428,101.5796400297498
2018-10-08,120.20842673143373,99.0199461304355
2018-10-09,118.40397882819384,99.57702993355134
2018-10-10,117.33621501899594,99.75373749080865
2018-10-11,123.07655391653549,95.8584042300915
2018-10-12,123.231914763709,96.38965887794183
2018-10-15,125.22118645810541,95.40754615434408
2018-10-16,126.17504572194242,94.34418051489172
2018-10-17,125.17062694522167,94.62986395918483
2018-10-18,129.3072737051074,92.54586720188897
2018-10-19,128.72456328044407,94.00456090877822
2018-10-22,126.05430149574268,96.74427741450302
2018-10-23,126.88054725770324,95.32216804832166
2018-10-24,126.67069532748474,95.20314741210635
2018-10-25,126.70439371075635,95.002907677766
2018-10-26,125.4524364770985,94.80265729939356
2018-10-29,123.89511656160559,93.38350879309768
2018-10-30,124.30757672282591,93.59940385711802
2018-10-31,125.62721993561019,94.68579533573273
2018-11-01,126.54481409590402,95.19078931283887
2018-11-02,129.06777852231411,97.01600125001701
2018-11-05,128.49778697912313,96.82167169973677
2018-11-06,128.40057963590817,96.70045885466233
2018-11-07,128.52131151353058,96.5610676957221
2018-11-08,128.32584249244155,96.20389541807613
2018-11-09,127.6677392154169,95.32965959047108
2018-11-12,128.7393211263024,96.31800916923592
2018-11-13,129.91950689282993,97.08405751853331
2018-11-14,129.9184223409664,96.59288386380558
2018-11-15,130.68263613734482,97.55458724240344
2018-11-16,130.82682850210588,97.77863378237106
2018-11-19,131.46044660185626,98.18489850695218
2018-11-20,130.23707848711837,96.86239868123573
2018-11-21,130.9568217797439,97.10209048912806
2018-11-22,130.97998453829712,96.96491915994622
2018-11-23,129.43241115177184,94.93455397677766
2018-11-26,129.65637447294748,94.74254079571574
2018-11-27,129.78084924892786,94.8849921441551
2018-11-28,130.2588959701797,95.66333979262134
2018-11-29,129.77182556840367,94.95717308095004
2018-11-30,130.3697164688869,95.52395037585862
2018-12-03,132.29971000628586,97.38239705559633
2018-12-04,132.88277032505184,97.76589470121301
2018-12-05,132.96399502755202,97.38325046738142
2018-12-06,131.49400948356825,96.06552592818214
2018-12-07,131.02150012471677,95.93998373055616
2018-12-10,130.293589526224,95.43017174230503
2018-12-11,130.81684266304444,95.78953752552567
2018-12-12,131.0020565312263,95.94804125446001
2018-12-13,131.772967517045,96.66575490118244
2018-12-14,130.51011254334097,95.32545532944648
2018-12-17,130.13096933881067,95.26225810548254
2018-12-18,129.94198495759386,94.87586452675625
2018-12-19,129.2126358857886,94.09287688614954
2018-12-20,129.0766464219525,93.83233957031814
2018-12-21,128.64488066339698,93.36224615318628
2018-12-24,129.19100949454412,93.72219592257981
2018-12-25,129.24214281012436,93.26824505207028
2018-12-26,129.20700358988015,93.05239398169964
2018-12-27,128.89842967725954,92.47666760940902
2018-12-28,129.83169396161068,92.86751407320885
2019-01-02,128.7262374356731,91.98950576401171
2019-01-03,128.2244437485103,91.8944004345148
2019-01-04,129.46873420008777,93.1468124264021
2019-01-07,130.02394303483086,93.87006770450111
2019-01-08,129.94487060768262,93.6658957186831
2019-01-09,130.38601377206518,94.12312048837998
2019-01-10,130.3504727100406,94.08240444463027
2019-01-11,130.6642809086597,94.63771986307256
2019-01-14,130.02638852171472,94.15003303673886
2019-01-15,131.35219214424322,95.1598226056173
2019-01-16,131.40350228100854,95.0970589334899
2019-01-17,131.04561229879613,94.85281421205109
2019-01-18,132.01143704891493,95.7282786348299
2019-01-21,132.08338054089052,96.13439428738351
2019-01-22,131.4283036879359,95.28563797661181
2019-01-23,131.49480432683006,95.36342480870988
2019-01-24,131.74703284101165,95.5096319298623
2019-01-25,131.7890277303643,95.52640438057122
2019-01-28,131.85466842778177,95.50184133636364
2019-01-29,131.80811063912887,95.13440472112478
2019-01-30,131.81015623952632,94.58229823149095
2019-01-31,131.83016897348662,94.56296512639301
2019-02-01,132.63147304651415,95.670881917305
2019-02-11,133.84514146023022,97.06517355707687
2019-02-12,134.41092675918136,97.75672889685852
2019-02-13,134.98663063370293,99.18601033528599
2019-02-14,135.42169717796725,99.11327457997905
2019-02-15,135.0516200906287,98.61008927387486
2019-02-18,136.59443705593148,100.56414809622247
2019-02-19,136.29139487044074,100.41744459079214
2019-02-20,136.8597778687891,100.71392866284764
2019-02-21,137.01461422788304,100.6739624771045
2019-02-22,137.35845662397966,101.64207193204702
2019-02-25,139.05534477741296,104.72499097890868
2019-02-26,138.75496922731332,104.34386137850393
2019-02-27,137.8866299418839,104.62600489755256
2019-02-28,138.09519062646962,104.43289880666123
2019-03-01,138.534668074002,105.41754666476328
2019-03-04,139.5858116496851,106.37818934978911
2019-03-05,139.63239004787204,107.36473482072005
2019-03-06,139.78040706714992,108.54796963721805
2019-03-07,139.27115716385956,108.61855358817559
2019-03-08,138.13878681528988,105.27807402528721
2019-03-11,139.268483081127,107.47762675738319
2019-03-12,139.60999904141934,108.70879099739952
2019-03-13,139.32163377200615,107.41211981938012
2019-03-14,138.51814929503917,106.18632795872762
2019-03-15,139.28366958692627,106.97965725368222
2019-03-18,140.69908100038734,109.10635548712828
2019-03-19,140.66187070943818,109.0619131733338
2019-03-20,140.38177515952515,108.89835071284533
2019-03-21,140.65333132906088,109.35524109106376
2019-03-22,141.09605164424175,109.35698344380683
2019-03-25,140.6168977818772,108.01013616228428
2019-03-26,140.55144111913276,106.8349853261078
2019-03-27,141.15082592814073,107.4871307542472
2019-03-28,141.4240199008655,106.81115981495246
2019-03-29,142.76099411887796,108.72212121375784
2019-04-01,143.7775228583703,110.95656810361108
2019-04-02,143.4724594531974,111.1413063724423
2019-04-03,143.68072954582132,111.91682258224058
2019-04-04,143.78165363488796,112.53742361466459
2019-04-08,143.68363418379377,112.65301376363044
2019-04-09,144.18869441086218,112.65088081541485
2019-04-10,144.86474564255093,112.83757330651305
2019-04-11,143.75656126144122,111.27853964247147
2019-04-12,143.53740728329143,111.22669875250706
2019-04-15,142.73400985619475,110.7639522320929
2019-04-16,143.21017127039616,112.39680246754962
2019-04-17,143.39610571765007,112.58928502252495
2019-04-18,143.16274859438147,112.2268682071049
2019-04-19,142.73469084455812,113.00282881342423
2019-04-22,142.14345986885536,112.35755725839091
2019-04-23,142.17730343075695,111.39389576113776
2019-04-24,142.35560492225252,111.74547309307887
2019-04-25,141.80581332243395,109.57949295968952
2019-04-26,141.60224389766262,108.61634466553028
2019-04-29,141.9339856698264,107.61483797310238
2019-04-30,142.57655752013204,107.9870376554573
2019-05-06,140.8961341087317,103.48803442053485
2019-05-07,141.29177021503526,104.28144906287513
2019-05-08,140.73102972218507,103.82742378444479
2019-05-09,139.06643041763394,102.69333477318435
2019-05-10,142.02593843539404,104.87720986053155
2019-05-13,141.32738350576312,104.31918189902805
2019-05-14,141.10759997681515,104.00999190587052
2019-05-15,142.843640523624,105.50077585714499
2019-05-16,143.3185277540243,106.09752393124086
2019-05-17,140.72281919844042,103.85414539046364
2019-05-20,139.75155970036457,103.03043375391232
2019-05-21,140.9555171230056,104.12543330183179
2019-05-22,140.70846970611268,103.66602476457128
2019-05-23,138.81286590856564,102.2004803426272
2019-05-24,138.583511516235,102.02899890858707
2019-05-27,139.92203917819532,103.21391520452418
2019-05-28,140.68430867087784,103.80312145109613
2019-05-29,140.472098329776,103.92629753096665
2019-05-30,140.23286621604908,103.6842241903154
2019-05-31,140.32008070554235,103.74753823297308
2019-06-03,140.3908321280271,103.52608583604173
2019-06-04,139.3649051565928,102.94344041400817
2019-06-05,139.62629368546905,103.13118515058557
2019-06-06,138.49072853116658,101.84258061542305
2019-06-10,139.6720407001742,102.72700529947798
2019-06-11,142.25850249293163,104.77849017074867
2019-06-12,141.980477327272,104.56934185394925
2019-06-13,141.73961108819714,104.75366924324464
2019-06-14,140.9544359361877,104.02453237768587
2019-06-17,140.81269524823844,103.95230025504776
2019-06-18,141.28547343357755,104.14151264217637
2019-06-19,142.30959879384585,104.85666056956032
2019-06-20,144.43580709627403,106.51535122550149
2019-06-21,145.00841386548632,107.17278979867359
2019-06-24,145.25855371684216,107.4073052418456
2019-06-25,144.88439200776676,107.33104126678181
2019-06-26,144.46554032617848,106.89727785040857
2019-06-27,145.3943068654336,107.57498530875651
2019-06-28,145.06714155143408,107.28871312271299
2019-07-01,147.24475503381922,108.79196376701456
2019-07-02,147.65956479817848,109.0744354710151
2019-07-03,147.03469458628837,108.58304379281954
2019-07-04,146.35214927145228,108.1098729934119
2019-07-05,146.94966412602582,108.63401097889486
2019-07-08,144.50896058618156,106.64253379359228
2019-07-09,144.47648795924758,106.37655692481339
2019-07-10,144.08997201574837,105.97916299624872
2019-07-11,144.55143233810477,106.53389079091046
2019-07-12,144.86223305527022,106.70134359681384
2019-07-15,145.31768640348068,107.19127158409178
2019-07-16,145.35948988398692,107.18615211875628
2019-07-17,145.14294864995296,106.93688501774072
2019-07-18,144.22755979993354,106.2142023024291
2019-07-19,145.1040765256591,107.01103785583004
2019-07-22,143.65017738112488,105.69103225648398
2019-07-23,144.08071139982198,105.96731324634601
2019-07-24,144.80874023188997,106.65983896280164
2019-07-25,145.12218734009016,106.8263962416618
2019-07-26,145.2176323412965,106.82738568728713
2019-07-29,145.33429409337236,106.84144294169529
2019-07-30,145.70816560404558,107.28680443140533
2019-07-31,145.02712583998027,106.83581946489109
2019-08-01,144.2838890616085,106.01798685061767
2019-08-02,143.21443490518058,105.13423508059691
2019-08-05,142.38465163523875,104.54706155558497
2019-08-06,140.40560238172714,103.29306158108345
2019-08-07,140.52535341093926,103.47165502140278
2019-08-08,141.49476790729318,104.01968611883352
2019-08-09,140.2845627322273,103.20508885080922
2019-08-12,141.7046797068857,104.04400260283771
2019-08-13,141.3240685967238,104.00785036848086
2019-08-14,142.03822933613367,104.14973510674746
2019-08-15,142.66132640004156,104.63721413532328
2019-08-16,143.13670872683522,104.87101151966792
2019-08-19,145.34349488221224,106.2886324566472
2019-08-20,145.58953817724273,106.59293672852841
2019-08-21,145.37192235862378,106.46082758283346
2019-08-22,145.66825576723295,106.58967914058441
2019-08-23,146.03750117610085,106.82377098836966
2019-08-26,145.18210710857366,106.36732851970136
2019-08-27,146.85543518491656,107.3509947338283
2019-08-28,146.53100787881849,107.15627811001286
2019-08-29,146.41101860938653,107.24929461665734
2019-08-30,146.08017102604452,106.87246837802576
2019-09-02,147.58184820397926,107.80521360046218
2019-09-03,147.81663216644424,108.00769426800976
2019-09-04,148.56402126404527,108.69213320510947
2019-09-05,149.52648866251886,109.10776013305458
2019-09-06,149.8964354211753,109.10294623207568
2019-09-09,151.04928274126348,109.82039393488598
2019-09-10,151.66462054117102,110.19173959934008
2019-09-11,150.42018785995836,109.53709438647927
2019-09-12,151.11503763473635,109.84601324937975
2019-09-16,151.25021005981208,110.16937863691496
2019-09-17,149.1859307364063,108.75405652297077
2019-09-18,149.53963165834304,108.77666795618926
2019-09-19,150.13276355854305,108.96295670752207
2019-09-20,150.4732220645426,109.11699440566498
2019-09-23,149.20821268685268,108.21734483270893
2019-09-24,149.7060232012568,108.39755422206643
2019-09-25,148.31578551901154,107.43113662417024
2019-09-26,146.41869298714528,105.93774486537593
2019-09-27,146.84268667074025,105.96511481456072
2019-09-30,146.16014353208104,105.4694036123672
2019-10-08,146.51692831057434,105.88531407587271
2019-10-09,146.7816506023589,106.28925699158265
2019-10-10,147.95319978708338,106.97402915548989
2019-10-11,148.61067316897766,107.55895242778925
2019-10-14,149.59236274176874,108.07197310604863
2019-10-15,149.0231557997351,107.57861308823662
2019-10-16,148.35880954422248,107.17153441486846
2019-10-17,148.4358460601044,107.2732741186609
2019-10-18,147.12398050636216,106.33850675505863
2019-10-21,146.67892074350527,106.36496843592622
2019-10-22,147.34855654896006,106.63978562861682
2019-10-23,146.4274875896217,106.14924113420952
2019-10-24,146.1383056219322,105.91949176776619
2019-10-25,147.09839661104644,106.53910354402221
2019-10-28,148.4664032265019,107.54264538177236
2019-10-29,147.64576035084895,106.91655029441338
2019-10-30,146.82416522012016,106.42161812811335
2019-10-31,146.5620974867067,106.23144611493274
2019-11-01,147.5717360993654,106.91504099278433
2019-11-04,148.24163014490702,107.45826278443037
2019-11-05,148.60114395867942,107.7268427905739
2019-11-06,147.9781405430485,107.21156187831772
2019-11-07,148.35522820343024,107.34615721565281
2019-11-08,147.8411870102699,106.96886762147561
2019-11-11,144.85964859914475,105.23935521352821
2019-11-12,144.85946009146625,105.3252236010111
2019-11-13,145.17696844197573,105.35539642032322
2019-11-14,145.63114585352085,105.34453453596375
2019-11-15,143.97557867018858,104.62134290513076
2019-11-18,144.9822491399021,105.13423678640892
2019-11-19,146.71258938985048,106.095496154078
2019-11-20,146.1614560624319,105.9883428249109
2019-11-21,146.2350495228546,105.74278532931099
2019-11-22,145.28613641444653,105.3728406364893
2019-11-25,146.4003141331119,105.87420365886051
2019-11-26,146.6039577219845,105.98807023941185
2019-11-27,146.15077260458085,105.63480011259814
2019-11-28,145.5392207288745,105.32730567300487
2019-11-29,144.4330044192719,104.67784061754082
2019-12-02,144.44632927701332,104.68959579440703
2019-12-03,144.78869496126396,104.8895699258896
2019-12-04,145.42300682670367,105.04890859891813
2019-12-05,146.08209762428402,105.45694744223144
2019-12-06,146.6680171234992,105.87685504842949
2019-12-09,146.80627605267767,105.96118686644611
2019-12-10,147.0354667779676,106.07313502657301
2019-12-11,146.73938292288537,106.15198190595572
2019-12-12,146.14465335189857,105.99440553890886
2019-12-13,147.89948991091666,107.00903193487541
2019-12-16,149.00196196531292,107.5484267063868
2019-12-17,150.86981945711045,108.55297007337195
2019-12-18,150.46046112064553,108.35620889370378
2019-12-19,150.9025189118124,108.5394592817697
2019-12-20,149.97680233802316,108.14840066735391
2019-12-23,147.96683459160454,107.25475875572646
2019-12-24,149.77448766540425,107.94523885164087
2019-12-25,149.6770636357775,107.95983639507243
2019-12-26,150.83326811800782,108.46920283800384
2019-12-27,151.24241268613267,108.82024918040327
2019-12-30,153.01545800564534,109.57423243327872
2019-12-31,154.33381342383754,110.06802498472739
2020-01-02,155.82719961680803,111.08886166813696
2020-01-03,156.3616831020393,111.33361716508041
2020-01-06,157.84740846485934,111.87042403455105
2020-01-07,158.56817895857316,112.22922329276042
2020-01-08,157.49531798946677,111.68286954180051
2020-01-09,157.99481062090092,111.93563939059399
2020-01-10,157.482863486062,111.69894203612944
2020-01-13,158.67297370607062,112.27540547718395
2020-01-14,158.49760855700467,112.41753426848892
2020-01-15,157.4190647322499,111.87071355008193
2020-01-16,156.60833346790707,111.46730804591891
2020-01-17,156.50396282452704,111.57369047926913
2020-01-20,157.58915140198437,111.90690066730751
2020-01-21,155.934808292781,110.69684015122594
2020-01-22,155.53585848998412,110.68124921865865
2020-01-23,150.71571653935095,108.29058303017894
2020-02-03,138.89535836742354,102.0424244583546
2020-02-04,140.6768579752978,103.35701244466304
2020-02-05,143.4297324297315,104.84303144192204
2020-02-06,146.10673411054964,106.68030824263295
2020-02-07,146.2554458851249,107.00314367688351
2020-02-10,148.1627009005084,107.79548638665857
2020-02-11,148.4337387417857,107.71526913659063
2020-02-12,149.94517659579057,108.5883145784794
2020-02-13,149.2056389706201,108.20378624711718
2020-02-14,149.8854107619998,108.36193854232232
2020-02-17,152.48158115465054,110.13335648010339
2020-02-18,153.1367604424951,110.36537607914218
2020-02-19,152.58472651999176,110.05486244637781
2020-02-20,154.24575270557378,111.17869909600608
2020-02-21,155.38769459736247,111.79576458241417
2020-02-24,156.1431287140157,111.93313611864
2020-02-25,155.75131413425564,111.48000968535227
2020-02-26,153.64050534542972,110.41509491379517
2020-02-27,154.50336078616365,110.73104509535048
2020-02-28,149.51718955628834,107.41627583362157
2020-03-02,153.19614259652238,109.99880465777774
2020-03-03,154.5756189387949,110.7200026526137
2020-03-04,155.34559578119612,111.17529175702734
2020-03-05,157.88237271703835,112.77278559546554
2020-03-06,157.14181783308342,112.05650257379294
2020-03-09,153.03110540905794,109.2107614494301
2020-03-10,154.57749903275484,110.25705033786788
2020-03-11,153.65767620562946,109.58114134893594
2020-03-12,150.69943856886655,107.52065519121605
2020-03-13,148.46620358680525,106.12453863050095
2020-03-16,143.71770827303405,103.35324270179633
2020-03-17,142.57382461951573,102.79020845984121
2020-03-18,140.75244205768215,101.35342506439649
2020-03-19,139.858331070976,100.63003258801986
2020-03-20,142.40576125414458,102.36136936712947
2020-03-23,139.10085833217346,100.22474848124708
2020-03-24,142.8642882979943,102.59939583978873
2020-03-25,145.684801436773,104.37788885949169
2020-03-26,145.43157835828003,103.92944217277196
2020-03-27,145.55710733519535,104.1364287828016
2020-03-30,143.92107142620625,103.14303807409433
2020-03-31,144.8505618829843,103.65347338490218
2020-04-01,144.43530408600927,103.09727650709435
2020-04-02,145.6720634535567,104.19452062280384
2020-04-03,145.79012975514277,103.93456167813113
2020-04-07,149.89029439042406,106.47800192380667
2020-04-08,149.4357677534913,106.39028763362992
2020-04-09,150.69450278074018,107.13665447006106
2020-04-10,149.30427959934318,106.19015287976785
2020-04-13,149.17929491711956,105.96582826845835
2020-04-14,151.72733426737227,107.41492060793902
2020-04-15,150.92844268530592,106.8947983465816
2020-04-16,151.51444371520836,106.97326001872712
2020-04-17,151.24515795708112,107.01760131671361
2020-04-20,152.28059598538744,107.44927163649147
2020-04-21,151.58690000140243,106.73181883233558
2020-04-22,152.73861261236678,107.44436876677446
2020-04-23,152.80071939217444,107.64148806938272
2020-04-24,151.56525802464918,106.92238585416422
2020-04-27,151.19723258443736,106.79937368968866
2020-04-28,150.90183612350233,106.30934804415443
2020-04-29,150.43418493531766,106.2550734373404
2020-04-30,151.4486957028707,107.10095011007877
2020-05-06,152.81067718265402,107.65460270702816
2020-05-07,152.63341170318685,107.44824298019371
2020-05-08,153.8820862044377,108.23642501981384
2020-05-11,153.2221474275923,108.08912177567902
2020-05-12,153.3534460493661,107.89367213897707
2020-05-13,154.07293511419863,108.14538513043513
2020-05-14,153.21012876644502,107.45867231162798
2020-05-15,153.19042428702477,107.51836118158313
2020-05-18,154.90087229211974,108.36931774693666
2020-05-19,155.02340221290316,108.67109332459417
2020-05-20,154.47372280984712,108.35800027502565
2020-05-21,153.74023329655256,107.76007101038499
2020-05-22,151.5628274669162,106.09000592830068
2020-05-25,151.84139720274058,106.18935702499608
2020-05-26,153.29982230902417,107.17884753542259
2020-05-27,152.29259485821018,106.57236741559277
2020-05-28,152.391742821967,106.61126462630088
2020-05-29,153.16961366001632,107.02662641670997
2020-06-01,155.77720806211042,108.8772934544383
2020-06-02,155.6021401530082,108.94625059784761
2020-06-03,155.49175437598186,109.02280846673358
2020-06-04,155.43302951037086,108.87233238734095
2020-06-05,155.53012404946517,109.0028721518205
2020-06-08,155.7954747611077,109.31092719225019
2020-06-09,156.50117366451786,109.74304498309617
2020-06-10,156.6475836754515,109.65350685574289
2020-06-11,155.9336277658343,109.05481675082638
2020-06-12,156.00510555818116,108.9362312130407
2020-06-15,155.40703697909694,108.25641157338369
2020-06-16,157.12269467993102,109.55766714544373
2020-06-17,157.70307527337275,109.93862372768916
2020-06-18,157.7886536451228,110.2570004884242
2020-06-19,159.01873633855115,110.91629116465442
2020-06-22,159.3501650648337,111.10717410192035
2020-06-23,159.86430882048552,111.36084793567153
2020-06-24,160.11742651442654,111.5020685072754
2020-06-29,160.00754442016992,111.1335531778599
2020-06-30,161.1718351539866,111.82808858240882
2020-07-01,162.52625009340707,112.77298875951627
2020-07-02,163.92579659820552,114.06813379868188
2020-07-03,165.34326310701053,115.28860876994993
2020-07-06,169.97555275118523,118.82291728791867
2020-07-07,171.3238909864418,119.30063204224251
2020-07-08,173.53131305050476,121.00857092350779
2020-07-09,176.528260608733,123.21789237033262
2020-07-10,174.90090608674635,121.47328374857105
2020-07-13,178.76522679383308,123.86181720190987
2020-07-14,178.00454881386113,123.5162227629401
2020-07-15,176.58513654786356,122.29709373005939
2020-07-16,170.00825628570092,118.01712357433559
2020-07-17,170.98721258513444,118.61239029952486
2020-07-20,174.4217990182493,121.22158010323196
2020-07-21,175.5348859713349,121.87354044387516
2020-07-22,176.50316176588717,122.37121661318471
2020-07-23,176.8498595144701,122.52147232000323
2020-07-24,171.5643481694668,119.25229477645884
2020-07-27,172.95259391315253,120.12324311511429
2020-07-28,173.91436059582864,120.57740207205714
2020-07-29,176.33837428732562,122.04173523668635
2020-07-30,176.20307656138945,121.8184769501175
2020-07-31,177.55346124892847,122.60838680862183
2020-08-03,179.8724169183992,124.16375839529472
2020-08-04,179.49964170936724,124.07745740909843
2020-08-05,180.88569242841444,124.88167501400913
2020-08-06,180.78737342357064,124.98981164271154
2020-08-07,179.51213862436745,123.95974354339188
2020-08-10,179.5595582330121,123.99508644506629
2020-08-11,177.66633423369785,122.76813199600976
2020-08-12,175.59194465682663,121.5491298557187
2020-08-13,175.75744797887174,121.96611726502869
2020-08-14,177.00044596821024,122.67031483782407
2020-08-17,179.61962162555537,124.4929768300953
2020-08-18,180.98378632533635,125.51783251758988
2020-08-19,179.4502900143896,124.85333820831592
2020-08-20,177.67894192605783,123.39682027713823
2020-08-21,178.60714382072217,123.81226780483969
2020-08-24,179.77848949521226,124.70571736872805
2020-08-25,179.3475348007789,124.1162904331104
2020-08-26,177.53604166303606,123.21250313975642
2020-08-27,178.68671405051552,123.67719700804018
2020-08-28,181.2506455816032,125.0624911667507
2020-08-31,181.29350266390873,125.34116254705805
2020-09-01,182.06896632446657,125.96759353355492
2020-09-02,181.83396894954936,125.62393561203878
2020-09-03,181.15087855619686,125.03202651802556
2020-09-04,179.62212053725258,124.35640771936664
2020-09-07,176.41047493342492,122.76501372023279
2020-09-08,176.57560698391302,123.16722396540256
2020-09-09,173.35346291403968,121.05802995084873
2020-09-10,172.1895799304863,120.29693620348768
2020-09-11,173.5911371700496,121.07894900124498
2020-09-14,174.29254288260105,121.86038069424157
2020-09-15,175.2419916591875,122.46377682399947
2020-09-16,174.17105231189856,121.8841669643798
2020-09-17,172.97188172144092,121.15531640284505
2020-09-18,175.10489349374927,122.78824391867238
2020-09-21,174.04754948134573,122.12084555322458
2020-09-22,172.53930375129107,120.70218378815349
2020-09-23,173.45596457556525,120.78124072456443
2020-09-24,170.41696279819837,118.75704063725607
2020-09-25,170.38795827483716,118.70489371163397
2020-09-28,169.95520967401885,118.5577961706135
2020-09-29,170.6721211635436,118.84468416188983
2020-09-30,170.74672722923177,118.83313789125918
2020-10-09,173.1724527789185,121.1541677936356
2020-10-12,176.8591388366146,123.71077629920447
2020-10-13,177.57086141577796,123.89922397850309
2020-10-14,176.7917932626149,123.45434443727883
2020-10-15,176.08445057041024,122.92003375262928
2020-10-16,176.0404076332774,123.0519479658801
2020-10-19,174.79723985638122,122.56479727503438
2020-10-20,175.7984569065888,123.15412368896979
2020-10-21,175.34418500233355,123.033464257988
2020-10-22,174.56355176841916,122.45173118211898
2020-10-23,172.5315144266824,121.17350180242748
2020-10-26,172.27010187807167,121.08557162504141
2020-10-27,173.04932371286702,121.39881753897595
2020-10-28,173.92222013007108,121.8276647384511
2020-10-29,174.58273719295732,121.78125976506277
2020-10-30,171.9168155016709,120.20596722248986
2020-11-02,172.72816303788483,120.72761615245594
2020-11-03,174.79882866890924,122.41012395028572
2020-11-04,175.14807048162183,122.55746281851026
2020-11-05,177.0216001752974,123.93831589763253
2020-11-06,176.38319635444742,123.81482458297886
2020-11-09,179.1516647897399,125.3223750969698
2020-11-10,178.12254158647448,124.5110699713168
2020-11-11,176.67678219927453,124.0718914113865
2020-11-12,177.12792940102335,124.13448505085003
2020-11-13,176.29870554772978,123.60005437300889
2020-11-16,178.71652256031328,125.18070763777914
2020-11-17,177.32148434397638,124.68526709806747
2020-11-18,177.17950861665994,124.67627913966201
2020-11-19,177.3652837058713,124.78493049592099
2020-11-20,178.72099092542138,125.60779273012844
2020-11-23,180.3176432879799,126.8047860277925
